municipality_name,Party_1_Count,Party_2_Count,Party_3_Count,Party_4_Count,Party_5_Count,Party_6_Count,Party_1,Party_2,Party_3,Party_4,Party_5,Party_6,Total,Party_1_Percentage,Party_2_Percentage,Party_3_Percentage,Party_4_Percentage,Party_5_Percentage,Party_6_Percentage
ALBANY,303,823,1,8,176,0,DEM,REP,GR,LIB,OTH,,1311,23.11,62.78,0.08,0.61,13.42,0.0
ALSACE,905,1415,1,13,408,0,DEM,REP,GR,LIB,OTH,,2742,33.01,51.6,0.04,0.47,14.88,0.0
AMITY,3390,4655,12,56,1575,0,DEM,REP,GR,LIB,OTH,,9688,34.99,48.05,0.12,0.58,16.26,0.0
BALLY,289,418,1,6,150,0,DEM,REP,GR,LIB,OTH,,864,33.45,48.38,0.12,0.69,17.36,0.0
BECHTELSVILLE,175,314,0,3,89,0,DEM,REP,GR,LIB,OTH,,581,30.12,54.04,0.0,0.52,15.32,0.0
BERN,1392,2194,11,21,604,0,DEM,REP,GR,LIB,OTH,,4222,32.97,51.97,0.26,0.5,14.31,0.0
BERNVILLE,199,301,0,5,91,0,DEM,REP,GR,LIB,OTH,,596,33.39,50.5,0.0,0.84,15.27,0.0
BETHEL,326,1516,3,16,259,0,DEM,REP,GR,LIB,OTH,,2120,15.38,71.51,0.14,0.75,12.22,0.0
BIRDSBORO,1218,1442,9,32,595,0,DEM,REP,GR,LIB,OTH,,3296,36.95,43.75,0.27,0.97,18.05,0.0
BOYERTOWN,898,1285,7,24,471,0,DEM,REP,GR,LIB,OTH,,2685,33.45,47.86,0.26,0.89,17.54,0.0
BRECKNOCK,933,1997,3,19,494,0,DEM,REP,GR,LIB,OTH,,3446,27.07,57.95,0.09,0.55,14.34,0.0
CAERNARVON,869,1728,3,20,498,0,DEM,REP,GR,LIB,OTH,,3118,27.87,55.42,0.1,0.64,15.97,0.0
CENTERPORT,67,139,0,4,31,0,DEM,REP,GR,LIB,OTH,,241,27.8,57.68,0.0,1.66,12.86,0.0
CENTRE,772,1825,4,27,423,0,DEM,REP,GR,LIB,OTH,,3051,25.3,59.82,0.13,0.88,13.86,0.0
COLEBROOKDALE,1101,1907,6,28,516,0,DEM,REP,GR,LIB,OTH,,3558,30.94,53.6,0.17,0.79,14.5,0.0
CUMRU,4531,5027,18,62,1776,0,DEM,REP,GR,LIB,OTH,,11414,39.7,44.04,0.16,0.54,15.56,0.0
DISTRICT,300,569,1,9,137,0,DEM,REP,GR,LIB,OTH,,1016,29.53,56.0,0.1,0.89,13.48,0.0
DOUGLASS,823,1590,0,18,405,0,DEM,REP,GR,LIB,OTH,,2836,29.02,56.06,0.0,0.63,14.28,0.0
EARL,632,1364,1,15,311,0,DEM,REP,GR,LIB,OTH,,2323,27.21,58.72,0.04,0.65,13.39,0.0
EXETER,7126,8183,21,110,2891,0,DEM,REP,GR,LIB,OTH,,18331,38.87,44.64,0.11,0.6,15.77,0.0
FLEETWOOD,987,1300,7,21,456,0,DEM,REP,GR,LIB,OTH,,2771,35.62,46.91,0.25,0.76,16.46,0.0
GREENWICH,706,1502,4,19,322,0,DEM,REP,GR,LIB,OTH,,2553,27.65,58.83,0.16,0.74,12.61,0.0
HAMBURG,980,1515,5,13,488,0,DEM,REP,GR,LIB,OTH,,3001,32.66,50.48,0.17,0.43,16.26,0.0
HEIDELBERG,304,696,1,6,127,0,DEM,REP,GR,LIB,OTH,,1134,26.81,61.38,0.09,0.53,11.2,0.0
HEREFORD,640,1100,5,9,344,0,DEM,REP,GR,LIB,OTH,,2098,30.51,52.43,0.24,0.43,16.4,0.0
JEFFERSON,417,906,1,13,224,0,DEM,REP,GR,LIB,OTH,,1561,26.71,58.04,0.06,0.83,14.35,0.0
KENHORST,867,691,5,13,357,0,DEM,REP,GR,LIB,OTH,,1933,44.85,35.75,0.26,0.67,18.47,0.0
KUTZTOWN,1321,1068,6,26,458,0,DEM,REP,GR,LIB,OTH,,2879,45.88,37.1,0.21,0.9,15.91,0.0
LAURELDALE,1287,813,2,18,511,0,DEM,REP,GR,LIB,OTH,,2631,48.92,30.9,0.08,0.68,19.42,0.0
LEESPORT,459,604,0,11,177,0,DEM,REP,GR,LIB,OTH,,1251,36.69,48.28,0.0,0.88,14.15,0.0
LENHARTSVILLE,23,75,0,1,11,0,DEM,REP,GR,LIB,OTH,,110,20.91,68.18,0.0,0.91,10.0,0.0
LONGSWAMP,1156,2008,9,26,595,0,DEM,REP,GR,LIB,OTH,,3794,30.47,52.93,0.24,0.69,15.68,0.0
LOWER ALSACE,1446,1247,8,34,518,0,DEM,REP,GR,LIB,OTH,,3253,44.45,38.33,0.25,1.05,15.92,0.0
LOWER HEIDELBERG,1684,2498,11,20,695,0,DEM,REP,GR,LIB,OTH,,4908,34.31,50.9,0.22,0.41,14.16,0.0
LYONS,125,119,1,4,45,0,DEM,REP,GR,LIB,OTH,,294,42.52,40.48,0.34,1.36,15.31,0.0
MAIDENCREEK,2315,3130,5,48,972,0,DEM,REP,GR,LIB,OTH,,6470,35.78,48.38,0.08,0.74,15.02,0.0
MARION,272,767,1,4,148,0,DEM,REP,GR,LIB,OTH,,1192,22.82,64.35,0.08,0.34,12.42,0.0
MAXATAWNY,1035,1316,5,23,470,0,DEM,REP,GR,LIB,OTH,,2849,36.33,46.19,0.18,0.81,16.5,0.0
MOHNTON,784,945,4,14,361,0,DEM,REP,GR,LIB,OTH,,2108,37.19,44.83,0.19,0.66,17.13,0.0
MT. PENN,1035,529,2,20,367,0,DEM,REP,GR,LIB,OTH,,1953,53.0,27.09,0.1,1.02,18.79,0.0
MUHLENBERG,6829,4917,21,69,2434,0,DEM,REP,GR,LIB,OTH,,14270,47.86,34.46,0.15,0.48,17.06,0.0
NEW MORGAN,3,11,0,0,3,0,DEM,REP,GR,LIB,OTH,,17,17.65,64.71,0.0,0.0,17.65,0.0
NORTH HEIDELBERG,264,583,1,5,102,0,DEM,REP,GR,LIB,OTH,,955,27.64,61.05,0.1,0.52,10.68,0.0
OLEY,820,1655,3,16,401,0,DEM,REP,GR,LIB,OTH,,2895,28.32,57.17,0.1,0.55,13.85,0.0
ONTELAUNEE,771,918,2,15,331,0,DEM,REP,GR,LIB,OTH,,2037,37.85,45.07,0.1,0.74,16.25,0.0
PENN,387,1008,1,6,232,0,DEM,REP,GR,LIB,OTH,,1634,23.68,61.69,0.06,0.37,14.2,0.0
PERRY (USC 4),152,377,0,4,81,0,DEM,REP,GR,LIB,OTH,,614,24.76,61.4,0.0,0.65,13.19,0.0
PERRY (USC 9),283,687,1,7,148,0,DEM,REP,GR,LIB,OTH,,1126,25.13,61.01,0.09,0.62,13.14,0.0
PIKE,398,741,1,7,179,0,DEM,REP,GR,LIB,OTH,,1326,30.02,55.88,0.08,0.53,13.5,0.0
READING,25805,7571,104,253,10834,0,DEM,REP,GR,LIB,OTH,,44567,57.9,16.99,0.23,0.57,24.31,0.0
RICHMOND,724,1243,1,17,386,0,DEM,REP,GR,LIB,OTH,,2371,30.54,52.43,0.04,0.72,16.28,0.0
ROBESON,1394,3364,8,28,786,0,DEM,REP,GR,LIB,OTH,,5580,24.98,60.29,0.14,0.5,14.09,0.0
ROBESONIA,507,729,4,18,230,0,DEM,REP,GR,LIB,OTH,,1488,34.07,48.99,0.27,1.21,15.46,0.0
ROCKLAND,806,1519,5,20,381,0,DEM,REP,GR,LIB,OTH,,2731,29.51,55.62,0.18,0.73,13.95,0.0
RUSCOMBMANOR,809,1723,3,11,421,0,DEM,REP,GR,LIB,OTH,,2967,27.27,58.07,0.1,0.37,14.19,0.0
SHILLINGTON,1724,1347,5,32,738,0,DEM,REP,GR,LIB,OTH,,3846,44.83,35.02,0.13,0.83,19.19,0.0
SHOEMAKERSVILLE,267,476,2,6,147,0,DEM,REP,GR,LIB,OTH,,898,29.73,53.01,0.22,0.67,16.37,0.0
SINKING SPRING,1232,1117,6,17,445,0,DEM,REP,GR,LIB,OTH,,2817,43.73,39.65,0.21,0.6,15.8,0.0
SOUTH HEIDELBERG,1836,2793,10,36,759,0,DEM,REP,GR,LIB,OTH,,5434,33.79,51.4,0.18,0.66,13.97,0.0
SPRING,8309,8444,22,112,3247,0,DEM,REP,GR,LIB,OTH,,20134,41.27,41.94,0.11,0.56,16.13,0.0
ST. LAWRENCE,566,513,2,13,220,0,DEM,REP,GR,LIB,OTH,,1314,43.07,39.04,0.15,0.99,16.74,0.0
TILDEN,597,1387,1,14,333,0,DEM,REP,GR,LIB,OTH,,2332,25.6,59.48,0.04,0.6,14.28,0.0
TOPTON,509,630,1,11,227,0,DEM,REP,GR,LIB,OTH,,1378,36.94,45.72,0.07,0.8,16.47,0.0
TULPEHOCKEN,294,1180,4,7,205,0,DEM,REP,GR,LIB,OTH,,1690,17.4,69.82,0.24,0.41,12.13,0.0
UNION,936,1446,2,22,496,0,DEM,REP,GR,LIB,OTH,,2902,32.25,49.83,0.07,0.76,17.09,0.0
UPPER BERN,267,798,1,8,139,0,DEM,REP,GR,LIB,OTH,,1213,22.01,65.79,0.08,0.66,11.46,0.0
UPPER TULPEHOCKEN,258,758,0,10,150,0,DEM,REP,GR,LIB,OTH,,1176,21.94,64.46,0.0,0.85,12.76,0.0
WASHINGTON,957,1945,6,21,514,0,DEM,REP,GR,LIB,OTH,,3443,27.8,56.49,0.17,0.61,14.93,0.0
WERNERSVILLE,811,927,4,13,318,0,DEM,REP,GR,LIB,OTH,,2073,39.12,44.72,0.19,0.63,15.34,0.0
WEST READING,1583,764,9,24,558,0,DEM,REP,GR,LIB,OTH,,2938,53.88,26.0,0.31,0.82,18.99,0.0
WINDSOR,456,1143,3,12,249,0,DEM,REP,GR,LIB,OTH,,1863,24.48,61.35,0.16,0.64,13.37,0.0
WOMELSDORF,711,919,3,14,309,0,DEM,REP,GR,LIB,OTH,,1956,36.35,46.98,0.15,0.72,15.8,0.0
WYOMISSING,3655,3694,13,42,1259,0,DEM,REP,GR,LIB,OTH,,8663,42.19,42.64,0.15,0.48,14.53,0.0
