Contest Title,Contest Long Name,Party,District Type,Vote For,Term Number,Notes
School Director,DEM School Director Octorara Region 2,Democratic,School Director,2,4,
School Director,REP School Director Octorara Region 2,Republican,School Director,2,4,
School Director,DEM School Director Coatesville Region 2,Democratic,School Director,1,4,
School Director,REP School Director Coatesville Region 2,Republican,School Director,1,4,
Auditor,DEM Auditor Schuylkill Township,Democratic,Municipal,2,6,
Auditor,REP Auditor Schuylkill Township,Republican,Municipal,2,6,
Auditor,DEM Auditor Birmingham Township,Democratic,Municipal,1,6,
Auditor,REP Auditor Birmingham Township,Republican,Municipal,1,6,
Auditor,DEM Auditor W Brandywine Township,Democratic,Municipal,1,6,
Auditor,REP Auditor W Brandywine Township,Republican,Municipal,1,6,
Auditor,DEM Auditor East Caln Township,Democratic,Municipal,1,6,
Auditor,REP Auditor East Caln Township,Republican,Municipal,1,6,
Auditor,DEM Auditor West Caln Township,Democratic,Municipal,1,6,
Auditor,REP Auditor West Caln Township,Republican,Municipal,1,6,
Auditor,DEM Auditor Charlestown Township,Democratic,Municipal,1,6,
Auditor,REP Auditor Charlestown Township,Republican,Municipal,1,6,
Auditor,DEM Auditor N Coventry Township,Democratic,Municipal,1,6,
Auditor,REP Auditor N Coventry Township,Republican,Municipal,1,6,
Auditor,DEM Auditor S Coventry Township,Democratic,Municipal,1,6,
Auditor,REP Auditor S Coventry Township,Republican,Municipal,1,6,
Auditor,DEM Auditor E Fallowfield Township,Democratic,Municipal,1,6,
Auditor,REP Auditor E Fallowfield Township,Republican,Municipal,1,6,
Auditor,DEM Auditor W Fallowfield Township,Democratic,Municipal,1,6,
Auditor,REP Auditor W Fallowfield Township,Republican,Municipal,1,6,
Auditor,DEM Auditor E Goshen Township,Democratic,Municipal,1,6,
Auditor,REP Auditor E Goshen Township,Republican,Municipal,1,6,
Auditor,DEM Auditor Kennett Township,Democratic,Municipal,1,6,
Auditor,REP Auditor Kennett Township,Republican,Municipal,1,6,
Auditor,DEM Auditor London Britain Township,Democratic,Municipal,1,6,
Auditor,REP Auditor London Britain Township,Republican,Municipal,1,6,
Auditor,DEM Auditor Londonderry Township,Democratic,Municipal,1,6,
Auditor,REP Auditor Londonderry Township,Republican,Municipal,1,6,
Auditor,DEM Auditor London Grove Township,Democratic,Municipal,1,6,
Auditor,REP Auditor London Grove Township,Republican,Municipal,1,6,
Auditor,DEM Auditor E Marlborough Township,Democratic,Municipal,1,6,
Auditor,REP Auditor E Marlborough Township,Republican,Municipal,1,6,
Auditor,DEM Auditor W Marlborough Township,Democratic,Municipal,1,6,
Auditor,REP Auditor W Marlborough Township,Republican,Municipal,1,6,
Auditor,DEM Auditor E Nottingham Township,Democratic,Municipal,1,6,
Auditor,REP Auditor E Nottingham Township,Republican,Municipal,1,6,
Auditor,DEM Auditor Lower Oxford Township,Democratic,Municipal,1,6,
Auditor,REP Auditor Lower Oxford Township,Republican,Municipal,1,6,
Auditor,DEM Auditor Upper Oxford Township,Democratic,Municipal,1,6,
Auditor,REP Auditor Upper Oxford Township,Republican,Municipal,1,6,
Auditor,DEM Auditor Penn Township,Democratic,Municipal,1,6,
Auditor,REP Auditor Penn Township,Republican,Municipal,1,6,
Auditor,DEM Auditor Pennsbury Township,Democratic,Municipal,1,6,
Auditor,REP Auditor Pennsbury Township,Republican,Municipal,1,6,
Auditor,DEM Auditor E Pikeland Township,Democratic,Municipal,1,6,
Auditor,REP Auditor E Pikeland Township,Republican,Municipal,1,6,
Auditor,DEM Auditor W Pikeland Township,Democratic,Municipal,1,6,
Auditor,REP Auditor W Pikeland Township,Republican,Municipal,1,6,
Auditor,DEM Auditor Pocopson Township,Democratic,Municipal,1,6,
Auditor,REP Auditor Pocopson Township,Republican,Municipal,1,6,
Auditor,DEM Auditor Sadsbury Township,Democratic,Municipal,1,6,
Auditor,REP Auditor Sadsbury Township,Republican,Municipal,1,6,
Auditor,DEM Auditor W Sadsbury Township,Democratic,Municipal,1,6,
Auditor,REP Auditor W Sadsbury Township,Republican,Municipal,1,6,
Auditor,DEM Auditor Spring City Borough,Democratic,Municipal,1,6,
Auditor,REP Auditor Spring City Borough,Republican,Municipal,1,6,
Auditor,DEM Auditor Thornbury Township,Democratic,Municipal,1,6,
Auditor,REP Auditor Thornbury Township,Republican,Municipal,1,6,
Auditor,DEM Auditor Valley Township,Democratic,Municipal,1,6,
Auditor,REP Auditor Valley Township,Republican,Municipal,1,6,
Auditor,DEM Auditor E Vincent Township,Democratic,Municipal,1,6,
Auditor,REP Auditor E Vincent Township,Republican,Municipal,1,6,
Auditor,DEM Auditor Wallace Township,Democratic,Municipal,1,6,
Auditor,REP Auditor Wallace Township,Republican,Municipal,1,6,
Auditor,DEM Auditor E Whiteland Township,Democratic,Municipal,1,6,
Auditor,REP Auditor E Whiteland Township,Republican,Municipal,1,6,
Auditor Unexpired 4 Year Term,DEM Auditor Unexpired 4 Year Term Birmingham Township,Democratic,Municipal,1,4,
Auditor Unexpired 4 Year Term,REP Auditor Unexpired 4 Year Term Birmingham Township,Republican,Municipal,1,4,
Auditor Unexpired 4 Year Term,DEM Auditor Unexpired 4 Year Term Charlestown Township,Democratic,Municipal,1,4,
Auditor Unexpired 4 Year Term,REP Auditor Unexpired 4 Year Term Charlestown Township,Republican,Municipal,1,4,
Auditor Unexpired 4 Year Term,DEM Auditor Unexpired 4 Year Term E Fallowfield Township,Democratic,Municipal,1,4,
Auditor Unexpired 4 Year Term,REP Auditor Unexpired 4 Year Term E Fallowfield Township,Republican,Municipal,1,4,
Auditor Unexpired 4 Year Term,DEM Auditor Unexpired 4 Year Term Sadsbury Township,Democratic,Municipal,1,4,
Auditor Unexpired 4 Year Term,REP Auditor Unexpired 4 Year Term Sadsbury Township,Republican,Municipal,1,4,
Auditor Unexpired 4 Year Term,DEM Auditor Unexpired 4 Year Term E Vincent Township,Democratic,Municipal,1,4,
Auditor Unexpired 4 Year Term,REP Auditor Unexpired 4 Year Term E Vincent Township,Republican,Municipal,1,4,
Auditor Unexpired 2 Year Term,DEM Auditor Unexpired 2 Year Term London Britain Township,Democratic,Municipal,1,2,
Auditor Unexpired 2 Year Term,REP Auditor Unexpired 2 Year Term London Britain Township,Republican,Municipal,1,2,
Auditor Unexpired 2 Year Term,DEM Auditor Unexpired 2 Year Term London Grove Township,Democratic,Municipal,1,2,
Auditor Unexpired 2 Year Term,REP Auditor Unexpired 2 Year Term London Grove Township,Republican,Municipal,1,2,
Auditor Unexpired 2 Year Term,DEM Auditor Unexpired 2 Year Term E Marlborough Township,Democratic,Municipal,1,2,
Auditor Unexpired 2 Year Term,REP Auditor Unexpired 2 Year Term E Marlborough Township,Republican,Municipal,1,2,
Auditor Unexpired 2 Year Term,DEM Auditor Unexpired 2 Year Term Penn Township,Democratic,Municipal,1,2,
Auditor Unexpired 2 Year Term,REP Auditor Unexpired 2 Year Term Penn Township,Republican,Municipal,1,2,
Auditor Unexpired 2 Year Term,DEM Auditor Unexpired 2 Year Term Pennsbury Township,Democratic,Municipal,1,2,
Auditor Unexpired 2 Year Term,REP Auditor Unexpired 2 Year Term Pennsbury Township,Republican,Municipal,1,2,
Auditor Unexpired 2 Year Term,DEM Auditor Unexpired 2 Year Term Upper Uwchlan Township,Democratic,Municipal,1,2,
Auditor Unexpired 2 Year Term,REP Auditor Unexpired 2 Year Term Upper Uwchlan Township,Republican,Municipal,1,2,
Auditor Unexpired 2 Year Term,DEM Auditor Unexpired 2 Year Term Wallace Township,Democratic,Municipal,1,2,
Auditor Unexpired 2 Year Term,REP Auditor Unexpired 2 Year Term Wallace Township,Republican,Municipal,1,2,
Auditor Unexpired 2 Year Term,DEM Auditor Unexpired 2 Year Term E Whiteland Township,Democratic,Municipal,1,2,
Auditor Unexpired 2 Year Term,REP Auditor Unexpired 2 Year Term E Whiteland Township,Republican,Municipal,1,2,
Member of Council,DEM Member of Council Spring City Borough,Democratic,Municipal,4,4,
Member of Council,REP Member of Council Spring City Borough,Republican,Municipal,4,4,
Member of Council,DEM Member of Council Atglen Borough,Democratic,Municipal,3,4,
Member of Council,REP Member of Council Atglen Borough,Republican,Municipal,3,4,
Member of Council,DEM Member of Council Coatesville 4th Ward,Democratic,Ward,1,4,
Member of Council,REP Member of Council Coatesville 4th Ward,Republican,Ward,1,4,
Member of Council Unexpired 2 Year Term,DEM Member of Council Unexpired 2 Year Term W Grove Borough,Democratic,Municipal,1,2,
Member of Council Unexpired 2 Year Term,REP Member of Council Unexpired 2 Year Term W Grove Borough,Republican,Municipal,1,2,
Mayor,DEM Mayor Atglen Borough,Democratic,Municipal,1,4,
Mayor,REP Mayor Atglen Borough,Republican,Municipal,1,4,
Mayor,DEM Mayor Modena Borough,Democratic,Municipal,1,4,
Mayor,REP Mayor Modena Borough,Republican,Municipal,1,4,
Township Supervisor Unexpired 4 Year Term,DEM Township Supervisor Unexpired 4 Year Term Thornbury Township,Democratic,Municipal,1,4,
Township Supervisor Unexpired 4 Year Term,REP Township Supervisor Unexpired 4 Year Term Thornbury Township,Republican,Municipal,1,4,
Township Supervisor Unexpired 2 Year Term,DEM Township Supervisor Unexpired 2 Year Term W Sadsbury Township,Democratic,Municipal,1,2,
Township Supervisor Unexpired 2 Year Term,REP Township Supervisor Unexpired 2 Year Term W Sadsbury Township,Republican,Municipal,1,2,
Tax Collector,DEM Tax Collector Atglen Borough,Democratic,Municipal,1,4,
Tax Collector,REP Tax Collector Atglen Borough,Republican,Municipal,1,4,
Tax Collector,DEM Tax Collector Birmingham Township,Democratic,Municipal,1,4,
Tax Collector,REP Tax Collector Birmingham Township,Republican,Municipal,1,4,
Tax Collector,DEM Tax Collector Caln Township,Democratic,Municipal,1,4,
Tax Collector,REP Tax Collector Caln Township,Republican,Municipal,1,4,
Tax Collector,DEM Tax Collector East Caln Township,Democratic,Municipal,1,4,
Tax Collector,REP Tax Collector East Caln Township,Republican,Municipal,1,4,
Tax Collector,DEM Tax Collector West Caln Township,Democratic,Municipal,1,4,
Tax Collector,REP Tax Collector West Caln Township,Republican,Municipal,1,4,
Tax Collector,DEM Tax Collector Charlestown Township,Democratic,Municipal,1,4,
Tax Collector,REP Tax Collector Charlestown Township,Republican,Municipal,1,4,
Tax Collector,DEM Tax Collector S Coatesville Borough,Democratic,Municipal,1,4,
Tax Collector,REP Tax Collector S Coatesville Borough,Republican,Municipal,1,4,
Tax Collector,DEM Tax Collector Elverson Borough,Democratic,Municipal,1,4,
Tax Collector,REP Tax Collector Elverson Borough,Republican,Municipal,1,4,
Tax Collector,DEM Tax Collector E Fallowfield Township,Democratic,Municipal,1,4,
Tax Collector,REP Tax Collector E Fallowfield Township,Republican,Municipal,1,4,
Tax Collector,DEM Tax Collector E Goshen Township,Democratic,Municipal,1,4,
Tax Collector,REP Tax Collector E Goshen Township,Republican,Municipal,1,4,
Tax Collector,DEM Tax Collector Honey Brook Borough,Democratic,Municipal,1,4,
Tax Collector,REP Tax Collector Honey Brook Borough,Republican,Municipal,1,4,
Tax Collector,DEM Tax Collector Honey Brook Township,Democratic,Municipal,1,4,
Tax Collector,REP Tax Collector Honey Brook Township,Republican,Municipal,1,4,
Tax Collector,DEM Tax Collector Kennett Township,Democratic,Municipal,1,4,
Tax Collector,REP Tax Collector Kennett Township,Republican,Municipal,1,4,
Tax Collector,DEM Tax Collector London Britain Township,Democratic,Municipal,1,4,
Tax Collector,REP Tax Collector London Britain Township,Republican,Municipal,1,4,
Tax Collector,DEM Tax Collector Londonderry Township,Democratic,Municipal,1,4,
Tax Collector,REP Tax Collector Londonderry Township,Republican,Municipal,1,4,
Tax Collector,DEM Tax Collector London Grove Township,Democratic,Municipal,1,4,
Tax Collector,REP Tax Collector London Grove Township,Republican,Municipal,1,4,
Tax Collector,DEM Tax Collector Modena Borough,Democratic,Municipal,1,4,
Tax Collector,REP Tax Collector Modena Borough,Republican,Municipal,1,4,
Tax Collector,DEM Tax Collector New Garden Township,Democratic,Municipal,1,4,
Tax Collector,REP Tax Collector New Garden Township,Republican,Municipal,1,4,
Tax Collector,DEM Tax Collector New London Township,Democratic,Municipal,1,4,
Tax Collector,REP Tax Collector New London Township,Republican,Municipal,1,4,
Tax Collector,DEM Tax Collector Newlin Township,Democratic,Municipal,1,4,
Tax Collector,REP Tax Collector Newlin Township,Republican,Municipal,1,4,
Tax Collector,DEM Tax Collector E Nottingham Township,Democratic,Municipal,1,4,
Tax Collector,REP Tax Collector E Nottingham Township,Republican,Municipal,1,4,
Tax Collector,DEM Tax Collector Lower Oxford Township,Democratic,Municipal,1,4,
Tax Collector,REP Tax Collector Lower Oxford Township,Republican,Municipal,1,4,
Tax Collector,DEM Tax Collector Upper Oxford Township,Democratic,Municipal,1,4,
Tax Collector,REP Tax Collector Upper Oxford Township,Republican,Municipal,1,4,
Tax Collector,DEM Tax Collector Parkesburg Borough,Democratic,Municipal,1,4,
Tax Collector,REP Tax Collector Parkesburg Borough,Republican,Municipal,1,4,
Tax Collector,DEM Tax Collector Pennsbury Township,Democratic,Municipal,1,4,
Tax Collector,REP Tax Collector Pennsbury Township,Republican,Municipal,1,4,
Tax Collector,DEM Tax Collector E Pikeland Township,Democratic,Municipal,1,4,
Tax Collector,REP Tax Collector E Pikeland Township,Republican,Municipal,1,4,
Tax Collector,DEM Tax Collector W Pikeland Township,Democratic,Municipal,1,4,
Tax Collector,REP Tax Collector W Pikeland Township,Republican,Municipal,1,4,
Tax Collector,DEM Tax Collector Pocopson Township,Democratic,Municipal,1,4,
Tax Collector,REP Tax Collector Pocopson Township,Republican,Municipal,1,4,
Tax Collector,DEM Tax Collector Sadsbury Township,Democratic,Municipal,1,4,
Tax Collector,REP Tax Collector Sadsbury Township,Republican,Municipal,1,4,
Tax Collector,DEM Tax Collector W Sadsbury Township,Democratic,Municipal,1,4,
Tax Collector,REP Tax Collector W Sadsbury Township,Republican,Municipal,1,4,
Tax Collector,DEM Tax Collector Valley Township,Democratic,Municipal,1,4,
Tax Collector,REP Tax Collector Valley Township,Republican,Municipal,1,4,
Tax Collector,DEM Tax Collector E Vincent Township,Democratic,Municipal,1,4,
Tax Collector,REP Tax Collector E Vincent Township,Republican,Municipal,1,4,
Tax Collector,DEM Tax Collector Wallace Township,Democratic,Municipal,1,4,
Tax Collector,REP Tax Collector Wallace Township,Republican,Municipal,1,4,
Tax Collector,DEM Tax Collector Warwick Township,Democratic,Municipal,1,4,
Tax Collector,REP Tax Collector Warwick Township,Republican,Municipal,1,4,
Tax Collector,DEM Tax Collector Westtown Township,Democratic,Municipal,1,4,
Tax Collector,REP Tax Collector Westtown Township,Republican,Municipal,1,4,
Judge of Elections,DEM Judge of Elections 005 Atglen,Democratic,Local,1,4,
Judge of Elections,REP Judge of Elections 005 Atglen,Republican,Local,1,4,
Judge of Elections,DEM Judge of Elections 020 E Bradford N-1,Democratic,Local,1,4,
Judge of Elections,REP Judge of Elections 020 E Bradford N-1,Republican,Local,1,4,
Judge of Elections,DEM Judge of Elections 021 E Bradford N-2,Democratic,Local,1,4,
Judge of Elections,REP Judge of Elections 021 E Bradford N-2,Republican,Local,1,4,
Judge of Elections,DEM Judge of Elections 031 W Bradford 3,Democratic,Local,1,4,
Judge of Elections,REP Judge of Elections 031 W Bradford 3,Republican,Local,1,4,
Judge of Elections,DEM Judge of Elections 033 W Bradford 5,Democratic,Local,1,4,
Judge of Elections,REP Judge of Elections 033 W Bradford 5,Republican,Local,1,4,
Judge of Elections,DEM Judge of Elections 035 E Brandywine N-1,Democratic,Local,1,4,
Judge of Elections,REP Judge of Elections 035 E Brandywine N-1,Republican,Local,1,4,
Judge of Elections,DEM Judge of Elections 036 E Brandywine N-2,Democratic,Local,1,4,
Judge of Elections,REP Judge of Elections 036 E Brandywine N-2,Republican,Local,1,4,
Judge of Elections,DEM Judge of Elections 040 W Brandywine E-1,Democratic,Local,1,4,
Judge of Elections,REP Judge of Elections 040 W Brandywine E-1,Republican,Local,1,4,
Judge of Elections,DEM Judge of Elections 045 Caln 1,Democratic,Local,1,4,
Judge of Elections,REP Judge of Elections 045 Caln 1,Republican,Local,1,4,
Judge of Elections,DEM Judge of Elections 050 Caln 2,Democratic,Local,1,4,
Judge of Elections,REP Judge of Elections 050 Caln 2,Republican,Local,1,4,
Judge of Elections,DEM Judge of Elections 055 East Caln 1,Democratic,Local,1,4,
Judge of Elections,REP Judge of Elections 055 East Caln 1,Republican,Local,1,4,
Judge of Elections,DEM Judge of Elections 056 East Caln 2,Democratic,Local,1,4,
Judge of Elections,REP Judge of Elections 056 East Caln 2,Republican,Local,1,4,
Judge of Elections,DEM Judge of Elections 061 West Caln 2,Democratic,Local,1,4,
Judge of Elections,REP Judge of Elections 061 West Caln 2,Republican,Local,1,4,
Judge of Elections,DEM Judge of Elections 070 Coatesville 1,Democratic,Local,1,4,
Judge of Elections,REP Judge of Elections 070 Coatesville 1,Republican,Local,1,4,
Judge of Elections,DEM Judge of Elections 080 Coatesville 2,Democratic,Local,1,4,
Judge of Elections,REP Judge of Elections 080 Coatesville 2,Republican,Local,1,4,
Judge of Elections,DEM Judge of Elections 100 Coatesville 4-1,Democratic,Local,1,4,
Judge of Elections,REP Judge of Elections 100 Coatesville 4-1,Republican,Local,1,4,
Judge of Elections,DEM Judge of Elections 110 Coatesville 4-2,Democratic,Local,1,4,
Judge of Elections,REP Judge of Elections 110 Coatesville 4-2,Republican,Local,1,4,
Judge of Elections,DEM Judge of Elections 120 Coatesville 5,Democratic,Local,1,4,
Judge of Elections,REP Judge of Elections 120 Coatesville 5,Republican,Local,1,4,
Judge of Elections,DEM Judge of Elections 140 S Coatesville,Democratic,Local,1,4,
Judge of Elections,REP Judge of Elections 140 S Coatesville,Republican,Local,1,4,
Judge of Elections,DEM Judge of Elections 145 N Coventry E,Democratic,Local,1,4,
Judge of Elections,REP Judge of Elections 145 N Coventry E,Republican,Local,1,4,
Judge of Elections,DEM Judge of Elections 150 N Coventry M,Democratic,Local,1,4,
Judge of Elections,REP Judge of Elections 150 N Coventry M,Republican,Local,1,4,
Judge of Elections,DEM Judge of Elections 155 N Coventry W-1,Democratic,Local,1,4,
Judge of Elections,REP Judge of Elections 155 N Coventry W-1,Republican,Local,1,4,
Judge of Elections,DEM Judge of Elections 165 E Coventry 2,Democratic,Local,1,4,
Judge of Elections,REP Judge of Elections 165 E Coventry 2,Republican,Local,1,4,
Judge of Elections,DEM Judge of Elections 175 E Downingtown E,Democratic,Local,1,4,
Judge of Elections,REP Judge of Elections 175 E Downingtown E,Republican,Local,1,4,
Judge of Elections,DEM Judge of Elections 180 E Downingtown W,Democratic,Local,1,4,
Judge of Elections,REP Judge of Elections 180 E Downingtown W,Republican,Local,1,4,
Judge of Elections,DEM Judge of Elections 185 W Downingtown N,Democratic,Local,1,4,
Judge of Elections,REP Judge of Elections 185 W Downingtown N,Republican,Local,1,4,
Judge of Elections,DEM Judge of Elections 201 Easttown 3,Democratic,Local,1,4,
Judge of Elections,REP Judge of Elections 201 Easttown 3,Republican,Local,1,4,
Judge of Elections,DEM Judge of Elections 210 Easttown 6,Democratic,Local,1,4,
Judge of Elections,REP Judge of Elections 210 Easttown 6,Republican,Local,1,4,
Judge of Elections,DEM Judge of Elections 225 E Fallowfield E,Democratic,Local,1,4,
Judge of Elections,REP Judge of Elections 225 E Fallowfield E,Republican,Local,1,4,
Judge of Elections,DEM Judge of Elections 230 E Fallowfield W,Democratic,Local,1,4,
Judge of Elections,REP Judge of Elections 230 E Fallowfield W,Republican,Local,1,4,
Judge of Elections,DEM Judge of Elections 235 W Fallowfield,Democratic,Local,1,4,
Judge of Elections,REP Judge of Elections 235 W Fallowfield,Republican,Local,1,4,
Judge of Elections,DEM Judge of Elections 246 E Goshen 4,Democratic,Local,1,4,
Judge of Elections,REP Judge of Elections 246 E Goshen 4,Republican,Local,1,4,
Judge of Elections,DEM Judge of Elections 249 E Goshen 7,Democratic,Local,1,4,
Judge of Elections,REP Judge of Elections 249 E Goshen 7,Republican,Local,1,4,
Judge of Elections,DEM Judge of Elections 251 E Goshen 9,Democratic,Local,1,4,
Judge of Elections,REP Judge of Elections 251 E Goshen 9,Republican,Local,1,4,
Judge of Elections,DEM Judge of Elections 265 W Goshen M-1,Democratic,Local,1,4,
Judge of Elections,REP Judge of Elections 265 W Goshen M-1,Republican,Local,1,4,
Judge of Elections,DEM Judge of Elections 270 W Goshen M-2,Democratic,Local,1,4,
Judge of Elections,REP Judge of Elections 270 W Goshen M-2,Republican,Local,1,4,
Judge of Elections,DEM Judge of Elections 286 W Goshen S-4,Democratic,Local,1,4,
Judge of Elections,REP Judge of Elections 286 W Goshen S-4,Republican,Local,1,4,
Judge of Elections,DEM Judge of Elections 305 Kennett Square N,Democratic,Local,1,4,
Judge of Elections,REP Judge of Elections 305 Kennett Square N,Republican,Local,1,4,
Judge of Elections,DEM Judge of Elections 310 Kennett Square S-1,Democratic,Local,1,4,
Judge of Elections,REP Judge of Elections 310 Kennett Square S-1,Republican,Local,1,4,
Judge of Elections,DEM Judge of Elections 315 Kennett Square S-2,Democratic,Local,1,4,
Judge of Elections,REP Judge of Elections 315 Kennett Square S-2,Republican,Local,1,4,
Judge of Elections,DEM Judge of Elections 328 Kennett Township 3,Democratic,Local,1,4,
Judge of Elections,REP Judge of Elections 328 Kennett Township 3,Republican,Local,1,4,
Judge of Elections,DEM Judge of Elections 345 London Grove S,Democratic,Local,1,4,
Judge of Elections,REP Judge of Elections 345 London Grove S,Republican,Local,1,4,
Judge of Elections,DEM Judge of Elections 355 E Marlborough E,Democratic,Local,1,4,
Judge of Elections,REP Judge of Elections 355 E Marlborough E,Republican,Local,1,4,
Judge of Elections,DEM Judge of Elections 356 E Marlborough S,Democratic,Local,1,4,
Judge of Elections,REP Judge of Elections 356 E Marlborough S,Republican,Local,1,4,
Judge of Elections,DEM Judge of Elections 360 E Marlborough W,Democratic,Local,1,4,
Judge of Elections,REP Judge of Elections 360 E Marlborough W,Republican,Local,1,4,
Judge of Elections,DEM Judge of Elections 370 Modena,Democratic,Local,1,4,
Judge of Elections,REP Judge of Elections 370 Modena,Republican,Local,1,4,
Judge of Elections,DEM Judge of Elections 390 New Garden S-1,Democratic,Local,1,4,
Judge of Elections,REP Judge of Elections 390 New Garden S-1,Republican,Local,1,4,
Judge of Elections,DEM Judge of Elections 391 New Garden S-2,Democratic,Local,1,4,
Judge of Elections,REP Judge of Elections 391 New Garden S-2,Republican,Local,1,4,
Judge of Elections,DEM Judge of Elections 415 Oxford E,Democratic,Local,1,4,
Judge of Elections,REP Judge of Elections 415 Oxford E,Republican,Local,1,4,
Judge of Elections,DEM Judge of Elections 440 Parkesburg N,Democratic,Local,1,4,
Judge of Elections,REP Judge of Elections 440 Parkesburg N,Republican,Local,1,4,
Judge of Elections,DEM Judge of Elections 445 Parkesburg S,Democratic,Local,1,4,
Judge of Elections,REP Judge of Elections 445 Parkesburg S,Republican,Local,1,4,
Judge of Elections,DEM Judge of Elections 453 Pennsbury N-1,Democratic,Local,1,4,
Judge of Elections,REP Judge of Elections 453 Pennsbury N-1,Republican,Local,1,4,
Judge of Elections,DEM Judge of Elections 454 Pennsbury N-2,Democratic,Local,1,4,
Judge of Elections,REP Judge of Elections 454 Pennsbury N-2,Republican,Local,1,4,
Judge of Elections,DEM Judge of Elections 461 Phoenixville N-1,Democratic,Local,1,4,
Judge of Elections,REP Judge of Elections 461 Phoenixville N-1,Republican,Local,1,4,
Judge of Elections,DEM Judge of Elections 462 Phoenixville N-2,Democratic,Local,1,4,
Judge of Elections,REP Judge of Elections 462 Phoenixville N-2,Republican,Local,1,4,
Judge of Elections,DEM Judge of Elections 463 Phoenixville N-3,Democratic,Local,1,4,
Judge of Elections,REP Judge of Elections 463 Phoenixville N-3,Republican,Local,1,4,
Judge of Elections,DEM Judge of Elections 467 Phoenixville M-1,Democratic,Local,1,4,
Judge of Elections,REP Judge of Elections 467 Phoenixville M-1,Republican,Local,1,4,
Judge of Elections,DEM Judge of Elections 468 Phoenixville M-2,Democratic,Local,1,4,
Judge of Elections,REP Judge of Elections 468 Phoenixville M-2,Republican,Local,1,4,
Judge of Elections,DEM Judge of Elections 469 Phoenixville M-3,Democratic,Local,1,4,
Judge of Elections,REP Judge of Elections 469 Phoenixville M-3,Republican,Local,1,4,
Judge of Elections,DEM Judge of Elections 472 Phoenixville E-1,Democratic,Local,1,4,
Judge of Elections,REP Judge of Elections 472 Phoenixville E-1,Republican,Local,1,4,
Judge of Elections,DEM Judge of Elections 473 Phoenixville E-2,Democratic,Local,1,4,
Judge of Elections,REP Judge of Elections 473 Phoenixville E-2,Republican,Local,1,4,
Judge of Elections,DEM Judge of Elections 474 Phoenixville E-3,Democratic,Local,1,4,
Judge of Elections,REP Judge of Elections 474 Phoenixville E-3,Republican,Local,1,4,
Judge of Elections,DEM Judge of Elections 477 Phoenixville W-1,Democratic,Local,1,4,
Judge of Elections,REP Judge of Elections 477 Phoenixville W-1,Republican,Local,1,4,
Judge of Elections,DEM Judge of Elections 479 Phoenixville W-3,Democratic,Local,1,4,
Judge of Elections,REP Judge of Elections 479 Phoenixville W-3,Republican,Local,1,4,
Judge of Elections,DEM Judge of Elections 530 Pocopson,Democratic,Local,1,4,
Judge of Elections,REP Judge of Elections 530 Pocopson,Republican,Local,1,4,
Judge of Elections,DEM Judge of Elections 540 Sadsbury S,Democratic,Local,1,4,
Judge of Elections,REP Judge of Elections 540 Sadsbury S,Republican,Local,1,4,
Judge of Elections,DEM Judge of Elections 555 Schuylkill 2,Democratic,Local,1,4,
Judge of Elections,REP Judge of Elections 555 Schuylkill 2,Republican,Local,1,4,
Judge of Elections,DEM Judge of Elections 556 Schuylkill 3,Democratic,Local,1,4,
Judge of Elections,REP Judge of Elections 556 Schuylkill 3,Republican,Local,1,4,
Judge of Elections,DEM Judge of Elections 560 Spring City 1,Democratic,Local,1,4,
Judge of Elections,REP Judge of Elections 560 Spring City 1,Republican,Local,1,4,
Judge of Elections,DEM Judge of Elections 565 Spring City 2,Democratic,Local,1,4,
Judge of Elections,REP Judge of Elections 565 Spring City 2,Republican,Local,1,4,
Judge of Elections,DEM Judge of Elections 570 Spring City 3,Democratic,Local,1,4,
Judge of Elections,REP Judge of Elections 570 Spring City 3,Republican,Local,1,4,
Judge of Elections,DEM Judge of Elections 575 Spring City 4,Democratic,Local,1,4,
Judge of Elections,REP Judge of Elections 575 Spring City 4,Republican,Local,1,4,
Judge of Elections,DEM Judge of Elections 580 Thornbury 1,Democratic,Local,1,4,
Judge of Elections,REP Judge of Elections 580 Thornbury 1,Republican,Local,1,4,
Judge of Elections,DEM Judge of Elections 585 Tredyffrin E-1,Democratic,Local,1,4,
Judge of Elections,REP Judge of Elections 585 Tredyffrin E-1,Republican,Local,1,4,
Judge of Elections,DEM Judge of Elections 617 Tredyffrin M-4,Democratic,Local,1,4,
Judge of Elections,REP Judge of Elections 617 Tredyffrin M-4,Republican,Local,1,4,
Judge of Elections,DEM Judge of Elections 620 Tredyffrin M-7,Democratic,Local,1,4,
Judge of Elections,REP Judge of Elections 620 Tredyffrin M-7,Republican,Local,1,4,
Judge of Elections,DEM Judge of Elections 657 Uwchlan 5,Democratic,Local,1,4,
Judge of Elections,REP Judge of Elections 657 Uwchlan 5,Republican,Local,1,4,
Judge of Elections,DEM Judge of Elections 660 Uwchlan 8,Democratic,Local,1,4,
Judge of Elections,REP Judge of Elections 660 Uwchlan 8,Republican,Local,1,4,
Judge of Elections,DEM Judge of Elections 672 Valley N-3,Democratic,Local,1,4,
Judge of Elections,REP Judge of Elections 672 Valley N-3,Republican,Local,1,4,
Judge of Elections,DEM Judge of Elections 675 Valley S,Democratic,Local,1,4,
Judge of Elections,REP Judge of Elections 675 Valley S,Republican,Local,1,4,
Judge of Elections,DEM Judge of Elections 681 E Vincent 2,Democratic,Local,1,4,
Judge of Elections,REP Judge of Elections 681 E Vincent 2,Republican,Local,1,4,
Judge of Elections,DEM Judge of Elections 683 E Vincent 4,Democratic,Local,1,4,
Judge of Elections,REP Judge of Elections 683 E Vincent 4,Republican,Local,1,4,
Judge of Elections,DEM Judge of Elections 695 Wallace,Democratic,Local,1,4,
Judge of Elections,REP Judge of Elections 695 Wallace,Republican,Local,1,4,
Judge of Elections,DEM Judge of Elections 705 Warwick W,Democratic,Local,1,4,
Judge of Elections,REP Judge of Elections 705 Warwick W,Republican,Local,1,4,
Judge of Elections,DEM Judge of Elections 725 Westtown 2,Democratic,Local,1,4,
Judge of Elections,REP Judge of Elections 725 Westtown 2,Republican,Local,1,4,
Judge of Elections,DEM Judge of Elections 734 Westtown 5,Democratic,Local,1,4,
Judge of Elections,REP Judge of Elections 734 Westtown 5,Republican,Local,1,4,
Judge of Elections,DEM Judge of Elections 745 E Whiteland 3,Democratic,Local,1,4,
Judge of Elections,REP Judge of Elections 745 E Whiteland 3,Republican,Local,1,4,
Judge of Elections,DEM Judge of Elections 754 E Whiteland 6,Democratic,Local,1,4,
Judge of Elections,REP Judge of Elections 754 E Whiteland 6,Republican,Local,1,4,
Judge of Elections,DEM Judge of Elections 760 W Whiteland 2,Democratic,Local,1,4,
Judge of Elections,REP Judge of Elections 760 W Whiteland 2,Republican,Local,1,4,
Judge of Elections,DEM Judge of Elections 763 W Whiteland 5,Democratic,Local,1,4,
Judge of Elections,REP Judge of Elections 763 W Whiteland 5,Republican,Local,1,4,
Judge of Elections,DEM Judge of Elections 764 W Whiteland 6,Democratic,Local,1,4,
Judge of Elections,REP Judge of Elections 764 W Whiteland 6,Republican,Local,1,4,
Judge of Elections,DEM Judge of Elections 765 W Whiteland 7,Democratic,Local,1,4,
Judge of Elections,REP Judge of Elections 765 W Whiteland 7,Republican,Local,1,4,
Judge of Elections,DEM Judge of Elections 770 Willistown N-1,Democratic,Local,1,4,
Judge of Elections,REP Judge of Elections 770 Willistown N-1,Republican,Local,1,4,
Judge of Elections,DEM Judge of Elections 790 Willistown N-5,Democratic,Local,1,4,
Judge of Elections,REP Judge of Elections 790 Willistown N-5,Republican,Local,1,4,
Judge of Elections,DEM Judge of Elections 795 Willistown N-6,Democratic,Local,1,4,
Judge of Elections,REP Judge of Elections 795 Willistown N-6,Republican,Local,1,4,
Judge of Elections,DEM Judge of Elections 820 West Chester 2-E,Democratic,Local,1,4,
Judge of Elections,REP Judge of Elections 820 West Chester 2-E,Republican,Local,1,4,
Judge of Elections,DEM Judge of Elections 825 West Chester 2-W,Democratic,Local,1,4,
Judge of Elections,REP Judge of Elections 825 West Chester 2-W,Republican,Local,1,4,
Judge of Elections,DEM Judge of Elections 835 West Chester 3,Democratic,Local,1,4,
Judge of Elections,REP Judge of Elections 835 West Chester 3,Republican,Local,1,4,
Judge of Elections,DEM Judge of Elections 850 West Chester 6,Democratic,Local,1,4,
Judge of Elections,REP Judge of Elections 850 West Chester 6,Republican,Local,1,4,
Inspector of Elections,DEM Inspector of Elections 005 Atglen,Democratic,Local,1,4,
Inspector of Elections,REP Inspector of Elections 005 Atglen,Republican,Local,1,4,
Inspector of Elections,DEM Inspector of Elections 020 E Bradford N-1,Democratic,Local,1,4,
Inspector of Elections,REP Inspector of Elections 020 E Bradford N-1,Republican,Local,1,4,
Inspector of Elections,DEM Inspector of Elections 021 E Bradford N-2,Democratic,Local,1,4,
Inspector of Elections,REP Inspector of Elections 021 E Bradford N-2,Republican,Local,1,4,
Inspector of Elections,DEM Inspector of Elections 023 E Bradford S-1,Democratic,Local,1,4,
Inspector of Elections,REP Inspector of Elections 023 E Bradford S-1,Republican,Local,1,4,
Inspector of Elections,DEM Inspector of Elections 031 W Bradford 3,Democratic,Local,1,4,
Inspector of Elections,REP Inspector of Elections 031 W Bradford 3,Republican,Local,1,4,
Inspector of Elections,DEM Inspector of Elections 033 W Bradford 5,Democratic,Local,1,4,
Inspector of Elections,REP Inspector of Elections 033 W Bradford 5,Republican,Local,1,4,
Inspector of Elections,DEM Inspector of Elections 035 E Brandywine N-1,Democratic,Local,1,4,
Inspector of Elections,REP Inspector of Elections 035 E Brandywine N-1,Republican,Local,1,4,
Inspector of Elections,DEM Inspector of Elections 036 E Brandywine N-2,Democratic,Local,1,4,
Inspector of Elections,REP Inspector of Elections 036 E Brandywine N-2,Republican,Local,1,4,
Inspector of Elections,DEM Inspector of Elections 045 Caln 1,Democratic,Local,1,4,
Inspector of Elections,REP Inspector of Elections 045 Caln 1,Republican,Local,1,4,
Inspector of Elections,DEM Inspector of Elections 050 Caln 2,Democratic,Local,1,4,
Inspector of Elections,REP Inspector of Elections 050 Caln 2,Republican,Local,1,4,
Inspector of Elections,DEM Inspector of Elections 054 Caln 4,Democratic,Local,1,4,
Inspector of Elections,REP Inspector of Elections 054 Caln 4,Republican,Local,1,4,
Inspector of Elections,DEM Inspector of Elections 055 East Caln 1,Democratic,Local,1,4,
Inspector of Elections,REP Inspector of Elections 055 East Caln 1,Republican,Local,1,4,
Inspector of Elections,DEM Inspector of Elections 056 East Caln 2,Democratic,Local,1,4,
Inspector of Elections,REP Inspector of Elections 056 East Caln 2,Republican,Local,1,4,
Inspector of Elections,DEM Inspector of Elections 061 West Caln 2,Democratic,Local,1,4,
Inspector of Elections,REP Inspector of Elections 061 West Caln 2,Republican,Local,1,4,
Inspector of Elections,DEM Inspector of Elections 070 Coatesville 1,Democratic,Local,1,4,
Inspector of Elections,REP Inspector of Elections 070 Coatesville 1,Republican,Local,1,4,
Inspector of Elections,DEM Inspector of Elections 080 Coatesville 2,Democratic,Local,1,4,
Inspector of Elections,REP Inspector of Elections 080 Coatesville 2,Republican,Local,1,4,
Inspector of Elections,DEM Inspector of Elections 090 Coatesville 3,Democratic,Local,1,4,
Inspector of Elections,REP Inspector of Elections 090 Coatesville 3,Republican,Local,1,4,
Inspector of Elections,DEM Inspector of Elections 100 Coatesville 4-1,Democratic,Local,1,4,
Inspector of Elections,REP Inspector of Elections 100 Coatesville 4-1,Republican,Local,1,4,
Inspector of Elections,DEM Inspector of Elections 110 Coatesville 4-2,Democratic,Local,1,4,
Inspector of Elections,REP Inspector of Elections 110 Coatesville 4-2,Republican,Local,1,4,
Inspector of Elections,DEM Inspector of Elections 120 Coatesville 5,Democratic,Local,1,4,
Inspector of Elections,REP Inspector of Elections 120 Coatesville 5,Republican,Local,1,4,
Inspector of Elections,DEM Inspector of Elections 140 S Coatesville,Democratic,Local,1,4,
Inspector of Elections,REP Inspector of Elections 140 S Coatesville,Republican,Local,1,4,
Inspector of Elections,DEM Inspector of Elections 145 N Coventry E,Democratic,Local,1,4,
Inspector of Elections,REP Inspector of Elections 145 N Coventry E,Republican,Local,1,4,
Inspector of Elections,DEM Inspector of Elections 150 N Coventry M,Democratic,Local,1,4,
Inspector of Elections,REP Inspector of Elections 150 N Coventry M,Republican,Local,1,4,
Inspector of Elections,DEM Inspector of Elections 155 N Coventry W-1,Democratic,Local,1,4,
Inspector of Elections,REP Inspector of Elections 155 N Coventry W-1,Republican,Local,1,4,
Inspector of Elections,DEM Inspector of Elections 160 E Coventry 1,Democratic,Local,1,4,
Inspector of Elections,REP Inspector of Elections 160 E Coventry 1,Republican,Local,1,4,
Inspector of Elections,DEM Inspector of Elections 165 E Coventry 2,Democratic,Local,1,4,
Inspector of Elections,REP Inspector of Elections 165 E Coventry 2,Republican,Local,1,4,
Inspector of Elections,DEM Inspector of Elections 175 E Downingtown E,Democratic,Local,1,4,
Inspector of Elections,REP Inspector of Elections 175 E Downingtown E,Republican,Local,1,4,
Inspector of Elections,DEM Inspector of Elections 180 E Downingtown W,Democratic,Local,1,4,
Inspector of Elections,REP Inspector of Elections 180 E Downingtown W,Republican,Local,1,4,
Inspector of Elections,DEM Inspector of Elections 185 W Downingtown N,Democratic,Local,1,4,
Inspector of Elections,REP Inspector of Elections 185 W Downingtown N,Republican,Local,1,4,
Inspector of Elections,DEM Inspector of Elections 195 Easttown 1,Democratic,Local,1,4,
Inspector of Elections,REP Inspector of Elections 195 Easttown 1,Republican,Local,1,4,
Inspector of Elections,DEM Inspector of Elections 207 Easttown 5,Democratic,Local,1,4,
Inspector of Elections,REP Inspector of Elections 207 Easttown 5,Republican,Local,1,4,
Inspector of Elections,DEM Inspector of Elections 210 Easttown 6,Democratic,Local,1,4,
Inspector of Elections,REP Inspector of Elections 210 Easttown 6,Republican,Local,1,4,
Inspector of Elections,DEM Inspector of Elections 213 Easttown 7,Democratic,Local,1,4,
Inspector of Elections,REP Inspector of Elections 213 Easttown 7,Republican,Local,1,4,
Inspector of Elections,DEM Inspector of Elections 230 E Fallowfield W,Democratic,Local,1,4,
Inspector of Elections,REP Inspector of Elections 230 E Fallowfield W,Republican,Local,1,4,
Inspector of Elections,DEM Inspector of Elections 244 E Goshen 2,Democratic,Local,1,4,
Inspector of Elections,REP Inspector of Elections 244 E Goshen 2,Republican,Local,1,4,
Inspector of Elections,DEM Inspector of Elections 245 E Goshen 3,Democratic,Local,1,4,
Inspector of Elections,REP Inspector of Elections 245 E Goshen 3,Republican,Local,1,4,
Inspector of Elections,DEM Inspector of Elections 246 E Goshen 4,Democratic,Local,1,4,
Inspector of Elections,REP Inspector of Elections 246 E Goshen 4,Republican,Local,1,4,
Inspector of Elections,DEM Inspector of Elections 249 E Goshen 7,Democratic,Local,1,4,
Inspector of Elections,REP Inspector of Elections 249 E Goshen 7,Republican,Local,1,4,
Inspector of Elections,DEM Inspector of Elections 251 E Goshen 9,Democratic,Local,1,4,
Inspector of Elections,REP Inspector of Elections 251 E Goshen 9,Republican,Local,1,4,
Inspector of Elections,DEM Inspector of Elections 260 W Goshen N-2,Democratic,Local,1,4,
Inspector of Elections,REP Inspector of Elections 260 W Goshen N-2,Republican,Local,1,4,
Inspector of Elections,DEM Inspector of Elections 262 W Goshen N-4,Democratic,Local,1,4,
Inspector of Elections,REP Inspector of Elections 262 W Goshen N-4,Republican,Local,1,4,
Inspector of Elections,DEM Inspector of Elections 265 W Goshen M-1,Democratic,Local,1,4,
Inspector of Elections,REP Inspector of Elections 265 W Goshen M-1,Republican,Local,1,4,
Inspector of Elections,DEM Inspector of Elections 270 W Goshen M-2,Democratic,Local,1,4,
Inspector of Elections,REP Inspector of Elections 270 W Goshen M-2,Republican,Local,1,4,
Inspector of Elections,DEM Inspector of Elections 280 W Goshen S-2,Democratic,Local,1,4,
Inspector of Elections,REP Inspector of Elections 280 W Goshen S-2,Republican,Local,1,4,
Inspector of Elections,DEM Inspector of Elections 285 W Goshen S-3,Democratic,Local,1,4,
Inspector of Elections,REP Inspector of Elections 285 W Goshen S-3,Republican,Local,1,4,
Inspector of Elections,DEM Inspector of Elections 286 W Goshen S-4,Democratic,Local,1,4,
Inspector of Elections,REP Inspector of Elections 286 W Goshen S-4,Republican,Local,1,4,
Inspector of Elections,DEM Inspector of Elections 295 Honey Brook Borough,Democratic,Local,1,4,
Inspector of Elections,REP Inspector of Elections 295 Honey Brook Borough,Republican,Local,1,4,
Inspector of Elections,DEM Inspector of Elections 305 Kennett Square N,Democratic,Local,1,4,
Inspector of Elections,REP Inspector of Elections 305 Kennett Square N,Republican,Local,1,4,
Inspector of Elections,DEM Inspector of Elections 315 Kennett Square S-2,Democratic,Local,1,4,
Inspector of Elections,REP Inspector of Elections 315 Kennett Square S-2,Republican,Local,1,4,
Inspector of Elections,DEM Inspector of Elections 328 Kennett Township 3,Democratic,Local,1,4,
Inspector of Elections,REP Inspector of Elections 328 Kennett Township 3,Republican,Local,1,4,
Inspector of Elections,DEM Inspector of Elections 340 London Grove Ch,Democratic,Local,1,4,
Inspector of Elections,REP Inspector of Elections 340 London Grove Ch,Republican,Local,1,4,
Inspector of Elections,DEM Inspector of Elections 345 London Grove S,Democratic,Local,1,4,
Inspector of Elections,REP Inspector of Elections 345 London Grove S,Republican,Local,1,4,
Inspector of Elections,DEM Inspector of Elections 360 E Marlborough W,Democratic,Local,1,4,
Inspector of Elections,REP Inspector of Elections 360 E Marlborough W,Republican,Local,1,4,
Inspector of Elections,DEM Inspector of Elections 370 Modena,Democratic,Local,1,4,
Inspector of Elections,REP Inspector of Elections 370 Modena,Republican,Local,1,4,
Inspector of Elections,DEM Inspector of Elections 390 New Garden S-1,Democratic,Local,1,4,
Inspector of Elections,REP Inspector of Elections 390 New Garden S-1,Republican,Local,1,4,
Inspector of Elections,DEM Inspector of Elections 400 Newlin,Democratic,Local,1,4,
Inspector of Elections,REP Inspector of Elections 400 Newlin,Republican,Local,1,4,
Inspector of Elections,DEM Inspector of Elections 415 Oxford E,Democratic,Local,1,4,
Inspector of Elections,REP Inspector of Elections 415 Oxford E,Republican,Local,1,4,
Inspector of Elections,DEM Inspector of Elections 440 Parkesburg N,Democratic,Local,1,4,
Inspector of Elections,REP Inspector of Elections 440 Parkesburg N,Republican,Local,1,4,
Inspector of Elections,DEM Inspector of Elections 445 Parkesburg S,Democratic,Local,1,4,
Inspector of Elections,REP Inspector of Elections 445 Parkesburg S,Republican,Local,1,4,
Inspector of Elections,DEM Inspector of Elections 453 Pennsbury N-1,Democratic,Local,1,4,
Inspector of Elections,REP Inspector of Elections 453 Pennsbury N-1,Republican,Local,1,4,
Inspector of Elections,DEM Inspector of Elections 454 Pennsbury N-2,Democratic,Local,1,4,
Inspector of Elections,REP Inspector of Elections 454 Pennsbury N-2,Republican,Local,1,4,
Inspector of Elections,DEM Inspector of Elections 461 Phoenixville N-1,Democratic,Local,1,4,
Inspector of Elections,REP Inspector of Elections 461 Phoenixville N-1,Republican,Local,1,4,
Inspector of Elections,DEM Inspector of Elections 462 Phoenixville N-2,Democratic,Local,1,4,
Inspector of Elections,REP Inspector of Elections 462 Phoenixville N-2,Republican,Local,1,4,
Inspector of Elections,DEM Inspector of Elections 463 Phoenixville N-3,Democratic,Local,1,4,
Inspector of Elections,REP Inspector of Elections 463 Phoenixville N-3,Republican,Local,1,4,
Inspector of Elections,DEM Inspector of Elections 467 Phoenixville M-1,Democratic,Local,1,4,
Inspector of Elections,REP Inspector of Elections 467 Phoenixville M-1,Republican,Local,1,4,
Inspector of Elections,DEM Inspector of Elections 468 Phoenixville M-2,Democratic,Local,1,4,
Inspector of Elections,REP Inspector of Elections 468 Phoenixville M-2,Republican,Local,1,4,
Inspector of Elections,DEM Inspector of Elections 469 Phoenixville M-3,Democratic,Local,1,4,
Inspector of Elections,REP Inspector of Elections 469 Phoenixville M-3,Republican,Local,1,4,
Inspector of Elections,DEM Inspector of Elections 472 Phoenixville E-1,Democratic,Local,1,4,
Inspector of Elections,REP Inspector of Elections 472 Phoenixville E-1,Republican,Local,1,4,
Inspector of Elections,DEM Inspector of Elections 473 Phoenixville E-2,Democratic,Local,1,4,
Inspector of Elections,REP Inspector of Elections 473 Phoenixville E-2,Republican,Local,1,4,
Inspector of Elections,DEM Inspector of Elections 474 Phoenixville E-3,Democratic,Local,1,4,
Inspector of Elections,REP Inspector of Elections 474 Phoenixville E-3,Republican,Local,1,4,
Inspector of Elections,DEM Inspector of Elections 477 Phoenixville W-1,Democratic,Local,1,4,
Inspector of Elections,REP Inspector of Elections 477 Phoenixville W-1,Republican,Local,1,4,
Inspector of Elections,DEM Inspector of Elections 478 Phoenixville W-2,Democratic,Local,1,4,
Inspector of Elections,REP Inspector of Elections 478 Phoenixville W-2,Republican,Local,1,4,
Inspector of Elections,DEM Inspector of Elections 479 Phoenixville W-3,Democratic,Local,1,4,
Inspector of Elections,REP Inspector of Elections 479 Phoenixville W-3,Republican,Local,1,4,
Inspector of Elections,DEM Inspector of Elections 515 E Pikeland 1,Democratic,Local,1,4,
Inspector of Elections,REP Inspector of Elections 515 E Pikeland 1,Republican,Local,1,4,
Inspector of Elections,DEM Inspector of Elections 520 E Pikeland 2,Democratic,Local,1,4,
Inspector of Elections,REP Inspector of Elections 520 E Pikeland 2,Republican,Local,1,4,
Inspector of Elections,DEM Inspector of Elections 535 Sadsbury N,Democratic,Local,1,4,
Inspector of Elections,REP Inspector of Elections 535 Sadsbury N,Republican,Local,1,4,
Inspector of Elections,DEM Inspector of Elections 540 Sadsbury S,Democratic,Local,1,4,
Inspector of Elections,REP Inspector of Elections 540 Sadsbury S,Republican,Local,1,4,
Inspector of Elections,DEM Inspector of Elections 550 Schuylkill 1,Democratic,Local,1,4,
Inspector of Elections,REP Inspector of Elections 550 Schuylkill 1,Republican,Local,1,4,
Inspector of Elections,DEM Inspector of Elections 555 Schuylkill 2,Democratic,Local,1,4,
Inspector of Elections,REP Inspector of Elections 555 Schuylkill 2,Republican,Local,1,4,
Inspector of Elections,DEM Inspector of Elections 556 Schuylkill 3,Democratic,Local,1,4,
Inspector of Elections,REP Inspector of Elections 556 Schuylkill 3,Republican,Local,1,4,
Inspector of Elections,DEM Inspector of Elections 565 Spring City 2,Democratic,Local,1,4,
Inspector of Elections,REP Inspector of Elections 565 Spring City 2,Republican,Local,1,4,
Inspector of Elections,DEM Inspector of Elections 570 Spring City 3,Democratic,Local,1,4,
Inspector of Elections,REP Inspector of Elections 570 Spring City 3,Republican,Local,1,4,
Inspector of Elections,DEM Inspector of Elections 575 Spring City 4,Democratic,Local,1,4,
Inspector of Elections,REP Inspector of Elections 575 Spring City 4,Republican,Local,1,4,
Inspector of Elections,DEM Inspector of Elections 580 Thornbury 1,Democratic,Local,1,4,
Inspector of Elections,REP Inspector of Elections 580 Thornbury 1,Republican,Local,1,4,
Inspector of Elections,DEM Inspector of Elections 620 Tredyffrin M-7,Democratic,Local,1,4,
Inspector of Elections,REP Inspector of Elections 620 Tredyffrin M-7,Republican,Local,1,4,
Inspector of Elections,DEM Inspector of Elections 653 Uwchlan 1,Democratic,Local,1,4,
Inspector of Elections,REP Inspector of Elections 653 Uwchlan 1,Republican,Local,1,4,
Inspector of Elections,DEM Inspector of Elections 657 Uwchlan 5,Democratic,Local,1,4,
Inspector of Elections,REP Inspector of Elections 657 Uwchlan 5,Republican,Local,1,4,
Inspector of Elections,DEM Inspector of Elections 670 Valley N-1,Democratic,Local,1,4,
Inspector of Elections,REP Inspector of Elections 670 Valley N-1,Republican,Local,1,4,
Inspector of Elections,DEM Inspector of Elections 671 Valley N-2,Democratic,Local,1,4,
Inspector of Elections,REP Inspector of Elections 671 Valley N-2,Republican,Local,1,4,
Inspector of Elections,DEM Inspector of Elections 672 Valley N-3,Democratic,Local,1,4,
Inspector of Elections,REP Inspector of Elections 672 Valley N-3,Republican,Local,1,4,
Inspector of Elections,DEM Inspector of Elections 675 Valley S,Democratic,Local,1,4,
Inspector of Elections,REP Inspector of Elections 675 Valley S,Republican,Local,1,4,
Inspector of Elections,DEM Inspector of Elections 680 E Vincent 1,Democratic,Local,1,4,
Inspector of Elections,REP Inspector of Elections 680 E Vincent 1,Republican,Local,1,4,
Inspector of Elections,DEM Inspector of Elections 681 E Vincent 2,Democratic,Local,1,4,
Inspector of Elections,REP Inspector of Elections 681 E Vincent 2,Republican,Local,1,4,
Inspector of Elections,DEM Inspector of Elections 682 E Vincent 3,Democratic,Local,1,4,
Inspector of Elections,REP Inspector of Elections 682 E Vincent 3,Republican,Local,1,4,
Inspector of Elections,DEM Inspector of Elections 695 Wallace,Democratic,Local,1,4,
Inspector of Elections,REP Inspector of Elections 695 Wallace,Republican,Local,1,4,
Inspector of Elections,DEM Inspector of Elections 715 West Grove 2,Democratic,Local,1,4,
Inspector of Elections,REP Inspector of Elections 715 West Grove 2,Republican,Local,1,4,
Inspector of Elections,DEM Inspector of Elections 725 Westtown 2,Democratic,Local,1,4,
Inspector of Elections,REP Inspector of Elections 725 Westtown 2,Republican,Local,1,4,
Inspector of Elections,DEM Inspector of Elections 734 Westtown 5,Democratic,Local,1,4,
Inspector of Elections,REP Inspector of Elections 734 Westtown 5,Republican,Local,1,4,
Inspector of Elections,DEM Inspector of Elections 735 E Whiteland 1,Democratic,Local,1,4,
Inspector of Elections,REP Inspector of Elections 735 E Whiteland 1,Republican,Local,1,4,
Inspector of Elections,DEM Inspector of Elections 740 E Whiteland 2,Democratic,Local,1,4,
Inspector of Elections,REP Inspector of Elections 740 E Whiteland 2,Republican,Local,1,4,
Inspector of Elections,DEM Inspector of Elections 752 E Whiteland 5,Democratic,Local,1,4,
Inspector of Elections,REP Inspector of Elections 752 E Whiteland 5,Republican,Local,1,4,
Inspector of Elections,DEM Inspector of Elections 759 W Whiteland 1,Democratic,Local,1,4,
Inspector of Elections,REP Inspector of Elections 759 W Whiteland 1,Republican,Local,1,4,
Inspector of Elections,DEM Inspector of Elections 760 W Whiteland 2,Democratic,Local,1,4,
Inspector of Elections,REP Inspector of Elections 760 W Whiteland 2,Republican,Local,1,4,
Inspector of Elections,DEM Inspector of Elections 763 W Whiteland 5,Democratic,Local,1,4,
Inspector of Elections,REP Inspector of Elections 763 W Whiteland 5,Republican,Local,1,4,
Inspector of Elections,DEM Inspector of Elections 764 W Whiteland 6,Democratic,Local,1,4,
Inspector of Elections,REP Inspector of Elections 764 W Whiteland 6,Republican,Local,1,4,
Inspector of Elections,DEM Inspector of Elections 765 W Whiteland 7,Democratic,Local,1,4,
Inspector of Elections,REP Inspector of Elections 765 W Whiteland 7,Republican,Local,1,4,
Inspector of Elections,DEM Inspector of Elections 770 Willistown N-1,Democratic,Local,1,4,
Inspector of Elections,REP Inspector of Elections 770 Willistown N-1,Republican,Local,1,4,
Inspector of Elections,DEM Inspector of Elections 780 Willistown N-3,Democratic,Local,1,4,
Inspector of Elections,REP Inspector of Elections 780 Willistown N-3,Republican,Local,1,4,
Inspector of Elections,DEM Inspector of Elections 790 Willistown N-5,Democratic,Local,1,4,
Inspector of Elections,REP Inspector of Elections 790 Willistown N-5,Republican,Local,1,4,
Inspector of Elections,DEM Inspector of Elections 795 Willistown N-6,Democratic,Local,1,4,
Inspector of Elections,REP Inspector of Elections 795 Willistown N-6,Republican,Local,1,4,
Inspector of Elections,DEM Inspector of Elections 800 Willistown S-1,Democratic,Local,1,4,
Inspector of Elections,REP Inspector of Elections 800 Willistown S-1,Republican,Local,1,4,
Inspector of Elections,DEM Inspector of Elections 805 Willistown S-2,Democratic,Local,1,4,
Inspector of Elections,REP Inspector of Elections 805 Willistown S-2,Republican,Local,1,4,
Inspector of Elections,DEM Inspector of Elections 810 West Chester 1,Democratic,Local,1,4,
Inspector of Elections,REP Inspector of Elections 810 West Chester 1,Republican,Local,1,4,
Inspector of Elections,DEM Inspector of Elections 820 West Chester 2-E,Democratic,Local,1,4,
Inspector of Elections,REP Inspector of Elections 820 West Chester 2-E,Republican,Local,1,4,
Inspector of Elections,DEM Inspector of Elections 825 West Chester 2-W,Democratic,Local,1,4,
Inspector of Elections,REP Inspector of Elections 825 West Chester 2-W,Republican,Local,1,4,
Inspector of Elections,DEM Inspector of Elections 835 West Chester 3,Democratic,Local,1,4,
Inspector of Elections,REP Inspector of Elections 835 West Chester 3,Republican,Local,1,4,
Inspector of Elections,DEM Inspector of Elections 846 West Chester 5,Democratic,Local,1,4,
Inspector of Elections,REP Inspector of Elections 846 West Chester 5,Republican,Local,1,4,
Inspector of Elections,DEM Inspector of Elections 860 West Chester 7,Democratic,Local,1,4,
Inspector of Elections,REP Inspector of Elections 860 West Chester 7,Republican,Local,1,4,