Contest Title,Party,District Type,Vote For,Term Number,Notes,Contest_Key
School Director,Democratic,School Director,2,4,, School Director Octorara Region 2
School Director,Democratic,School Director,1,4,, School Director Coatesville Region 2
Auditor,Democratic,Municipal,2,6,, Auditor Schuylkill Township
Auditor,Democratic,Municipal,1,6,, Auditor Birmingham Township
Auditor,Democratic,Municipal,1,6,, Auditor W Brandywine Township
Auditor,Democratic,Municipal,1,6,, Auditor East Caln Township
Auditor,Democratic,Municipal,1,6,, Auditor West Caln Township
Auditor,Democratic,Municipal,1,6,, Auditor Charlestown Township
Auditor,Democratic,Municipal,1,6,, Auditor N Coventry Township
Auditor,Democratic,Municipal,1,6,, Auditor S Coventry Township
Auditor,Democratic,Municipal,1,6,, Auditor E Fallowfield Township
Auditor,Democratic,Municipal,1,6,, Auditor W Fallowfield Township
Auditor,Democratic,Municipal,1,6,, Auditor E Goshen Township
Auditor,Democratic,Municipal,1,6,, Auditor Kennett Township
Auditor,Democratic,Municipal,1,6,, Auditor London Britain Township
Auditor,Democratic,Municipal,1,6,, Auditor Londonderry Township
Auditor,Democratic,Municipal,1,6,, Auditor London Grove Township
Auditor,Democratic,Municipal,1,6,, Auditor E Marlborough Township
Auditor,Democratic,Municipal,1,6,, Auditor W Marlborough Township
Auditor,Democratic,Municipal,1,6,, Auditor E Nottingham Township
Auditor,Democratic,Municipal,1,6,, Auditor Lower Oxford Township
Auditor,Democratic,Municipal,1,6,, Auditor Upper Oxford Township
Auditor,Democratic,Municipal,1,6,, Auditor Penn Township
Auditor,Democratic,Municipal,1,6,, Auditor Pennsbury Township
Auditor,Democratic,Municipal,1,6,, Auditor E Pikeland Township
Auditor,Democratic,Municipal,1,6,, Auditor W Pikeland Township
Auditor,Democratic,Municipal,1,6,, Auditor Pocopson Township
Auditor,Democratic,Municipal,1,6,, Auditor Sadsbury Township
Auditor,Democratic,Municipal,1,6,, Auditor W Sadsbury Township
Auditor,Democratic,Municipal,1,6,, Auditor Spring City Borough
Auditor,Democratic,Municipal,1,6,, Auditor Thornbury Township
Auditor,Democratic,Municipal,1,6,, Auditor Valley Township
Auditor,Democratic,Municipal,1,6,, Auditor E Vincent Township
Auditor,Democratic,Municipal,1,6,, Auditor Wallace Township
Auditor,Democratic,Municipal,1,6,, Auditor E Whiteland Township
Auditor Unexpired 4 Year Term,Democratic,Municipal,1,4,, Auditor Unexpired 4 Year Term Birmingham Township
Auditor Unexpired 4 Year Term,Democratic,Municipal,1,4,, Auditor Unexpired 4 Year Term Charlestown Township
Auditor Unexpired 4 Year Term,Democratic,Municipal,1,4,, Auditor Unexpired 4 Year Term E Fallowfield Township
Auditor Unexpired 4 Year Term,Democratic,Municipal,1,4,, Auditor Unexpired 4 Year Term Sadsbury Township
Auditor Unexpired 4 Year Term,Democratic,Municipal,1,4,, Auditor Unexpired 4 Year Term E Vincent Township
Auditor Unexpired 2 Year Term,Democratic,Municipal,1,2,, Auditor Unexpired 2 Year Term London Britain Township
Auditor Unexpired 2 Year Term,Democratic,Municipal,1,2,, Auditor Unexpired 2 Year Term London Grove Township
Auditor Unexpired 2 Year Term,Democratic,Municipal,1,2,, Auditor Unexpired 2 Year Term E Marlborough Township
Auditor Unexpired 2 Year Term,Democratic,Municipal,1,2,, Auditor Unexpired 2 Year Term Penn Township
Auditor Unexpired 2 Year Term,Democratic,Municipal,1,2,, Auditor Unexpired 2 Year Term Pennsbury Township
Auditor Unexpired 2 Year Term,Democratic,Municipal,1,2,, Auditor Unexpired 2 Year Term Upper Uwchlan Township
Auditor Unexpired 2 Year Term,Democratic,Municipal,1,2,, Auditor Unexpired 2 Year Term Wallace Township
Auditor Unexpired 2 Year Term,Democratic,Municipal,1,2,, Auditor Unexpired 2 Year Term E Whiteland Township
Member of Council,Democratic,Municipal,4,4,, Member of Council Spring City Borough
Member of Council,Democratic,Municipal,3,4,, Member of Council Atglen Borough
Member of Council,Democratic,Ward,1,4,, Member of Council Coatesville 4th Ward
Member of Council Unexpired 2 Year Term,Democratic,Municipal,1,2,, Member of Council Unexpired 2 Year Term W Grove Borough
Mayor,Democratic,Municipal,1,4,, Mayor Atglen Borough
Mayor,Democratic,Municipal,1,4,, Mayor Modena Borough
Township Supervisor Unexpired 4 Year Term,Democratic,Municipal,1,4,, Township Supervisor Unexpired 4 Year Term Thornbury Township
Township Supervisor Unexpired 2 Year Term,Democratic,Municipal,1,2,, Township Supervisor Unexpired 2 Year Term W Sadsbury Township
Tax Collector,Democratic,Municipal,1,4,, Tax Collector Atglen Borough
Tax Collector,Democratic,Municipal,1,4,, Tax Collector Birmingham Township
Tax Collector,Democratic,Municipal,1,4,, Tax Collector Caln Township
Tax Collector,Democratic,Municipal,1,4,, Tax Collector East Caln Township
Tax Collector,Democratic,Municipal,1,4,, Tax Collector West Caln Township
Tax Collector,Democratic,Municipal,1,4,, Tax Collector Charlestown Township
Tax Collector,Democratic,Municipal,1,4,, Tax Collector S Coatesville Borough
Tax Collector,Democratic,Municipal,1,4,, Tax Collector Elverson Borough
Tax Collector,Democratic,Municipal,1,4,, Tax Collector E Fallowfield Township
Tax Collector,Democratic,Municipal,1,4,, Tax Collector E Goshen Township
Tax Collector,Democratic,Municipal,1,4,, Tax Collector Honey Brook Borough
Tax Collector,Democratic,Municipal,1,4,, Tax Collector Honey Brook Township
Tax Collector,Democratic,Municipal,1,4,, Tax Collector Kennett Township
Tax Collector,Democratic,Municipal,1,4,, Tax Collector London Britain Township
Tax Collector,Democratic,Municipal,1,4,, Tax Collector Londonderry Township
Tax Collector,Democratic,Municipal,1,4,, Tax Collector London Grove Township
Tax Collector,Democratic,Municipal,1,4,, Tax Collector Modena Borough
Tax Collector,Democratic,Municipal,1,4,, Tax Collector New Garden Township
Tax Collector,Democratic,Municipal,1,4,, Tax Collector New London Township
Tax Collector,Democratic,Municipal,1,4,, Tax Collector Newlin Township
Tax Collector,Democratic,Municipal,1,4,, Tax Collector E Nottingham Township
Tax Collector,Democratic,Municipal,1,4,, Tax Collector Lower Oxford Township
Tax Collector,Democratic,Municipal,1,4,, Tax Collector Upper Oxford Township
Tax Collector,Democratic,Municipal,1,4,, Tax Collector Parkesburg Borough
Tax Collector,Democratic,Municipal,1,4,, Tax Collector Pennsbury Township
Tax Collector,Democratic,Municipal,1,4,, Tax Collector E Pikeland Township
Tax Collector,Democratic,Municipal,1,4,, Tax Collector W Pikeland Township
Tax Collector,Democratic,Municipal,1,4,, Tax Collector Pocopson Township
Tax Collector,Democratic,Municipal,1,4,, Tax Collector Sadsbury Township
Tax Collector,Democratic,Municipal,1,4,, Tax Collector W Sadsbury Township
Tax Collector,Democratic,Municipal,1,4,, Tax Collector Valley Township
Tax Collector,Democratic,Municipal,1,4,, Tax Collector E Vincent Township
Tax Collector,Democratic,Municipal,1,4,, Tax Collector Wallace Township
Tax Collector,Democratic,Municipal,1,4,, Tax Collector Warwick Township
Tax Collector,Democratic,Municipal,1,4,, Tax Collector Westtown Township
Judge of Elections,Democratic,Local,1,4,, Judge of Elections 005 Atglen
Judge of Elections,Democratic,Local,1,4,, Judge of Elections 020 E Bradford N-1
Judge of Elections,Democratic,Local,1,4,, Judge of Elections 021 E Bradford N-2
Judge of Elections,Democratic,Local,1,4,, Judge of Elections 031 W Bradford 3
Judge of Elections,Democratic,Local,1,4,, Judge of Elections 033 W Bradford 5
Judge of Elections,Democratic,Local,1,4,, Judge of Elections 035 E Brandywine N-1
Judge of Elections,Democratic,Local,1,4,, Judge of Elections 036 E Brandywine N-2
Judge of Elections,Democratic,Local,1,4,, Judge of Elections 040 W Brandywine E-1
Judge of Elections,Democratic,Local,1,4,, Judge of Elections 045 Caln 1
Judge of Elections,Democratic,Local,1,4,, Judge of Elections 050 Caln 2
Judge of Elections,Democratic,Local,1,4,, Judge of Elections 055 East Caln 1
Judge of Elections,Democratic,Local,1,4,, Judge of Elections 056 East Caln 2
Judge of Elections,Democratic,Local,1,4,, Judge of Elections 061 West Caln 2
Judge of Elections,Democratic,Local,1,4,, Judge of Elections 070 Coatesville 1
Judge of Elections,Democratic,Local,1,4,, Judge of Elections 080 Coatesville 2
Judge of Elections,Democratic,Local,1,4,, Judge of Elections 100 Coatesville 4-1
Judge of Elections,Democratic,Local,1,4,, Judge of Elections 110 Coatesville 4-2
Judge of Elections,Democratic,Local,1,4,, Judge of Elections 120 Coatesville 5
Judge of Elections,Democratic,Local,1,4,, Judge of Elections 140 S Coatesville
Judge of Elections,Democratic,Local,1,4,, Judge of Elections 145 N Coventry E
Judge of Elections,Democratic,Local,1,4,, Judge of Elections 150 N Coventry M
Judge of Elections,Democratic,Local,1,4,, Judge of Elections 155 N Coventry W-1
Judge of Elections,Democratic,Local,1,4,, Judge of Elections 165 E Coventry 2
Judge of Elections,Democratic,Local,1,4,, Judge of Elections 175 E Downingtown E
Judge of Elections,Democratic,Local,1,4,, Judge of Elections 180 E Downingtown W
Judge of Elections,Democratic,Local,1,4,, Judge of Elections 185 W Downingtown N
Judge of Elections,Democratic,Local,1,4,, Judge of Elections 201 Easttown 3
Judge of Elections,Democratic,Local,1,4,, Judge of Elections 210 Easttown 6
Judge of Elections,Democratic,Local,1,4,, Judge of Elections 225 E Fallowfield E
Judge of Elections,Democratic,Local,1,4,, Judge of Elections 230 E Fallowfield W
Judge of Elections,Democratic,Local,1,4,, Judge of Elections 235 W Fallowfield
Judge of Elections,Democratic,Local,1,4,, Judge of Elections 246 E Goshen 4
Judge of Elections,Democratic,Local,1,4,, Judge of Elections 249 E Goshen 7
Judge of Elections,Democratic,Local,1,4,, Judge of Elections 251 E Goshen 9
Judge of Elections,Democratic,Local,1,4,, Judge of Elections 265 W Goshen M-1
Judge of Elections,Democratic,Local,1,4,, Judge of Elections 270 W Goshen M-2
Judge of Elections,Democratic,Local,1,4,, Judge of Elections 286 W Goshen S-4
Judge of Elections,Democratic,Local,1,4,, Judge of Elections 305 Kennett Square N
Judge of Elections,Democratic,Local,1,4,, Judge of Elections 310 Kennett Square S-1
Judge of Elections,Democratic,Local,1,4,, Judge of Elections 315 Kennett Square S-2
Judge of Elections,Democratic,Local,1,4,, Judge of Elections 328 Kennett Township 3
Judge of Elections,Democratic,Local,1,4,, Judge of Elections 345 London Grove S
Judge of Elections,Democratic,Local,1,4,, Judge of Elections 355 E Marlborough E
Judge of Elections,Democratic,Local,1,4,, Judge of Elections 356 E Marlborough S
Judge of Elections,Democratic,Local,1,4,, Judge of Elections 360 E Marlborough W
Judge of Elections,Democratic,Local,1,4,, Judge of Elections 370 Modena
Judge of Elections,Democratic,Local,1,4,, Judge of Elections 390 New Garden S-1
Judge of Elections,Democratic,Local,1,4,, Judge of Elections 391 New Garden S-2
Judge of Elections,Democratic,Local,1,4,, Judge of Elections 415 Oxford E
Judge of Elections,Democratic,Local,1,4,, Judge of Elections 440 Parkesburg N
Judge of Elections,Democratic,Local,1,4,, Judge of Elections 445 Parkesburg S
Judge of Elections,Democratic,Local,1,4,, Judge of Elections 453 Pennsbury N-1
Judge of Elections,Democratic,Local,1,4,, Judge of Elections 454 Pennsbury N-2
Judge of Elections,Democratic,Local,1,4,, Judge of Elections 461 Phoenixville N-1
Judge of Elections,Democratic,Local,1,4,, Judge of Elections 462 Phoenixville N-2
Judge of Elections,Democratic,Local,1,4,, Judge of Elections 463 Phoenixville N-3
Judge of Elections,Democratic,Local,1,4,, Judge of Elections 467 Phoenixville M-1
Judge of Elections,Democratic,Local,1,4,, Judge of Elections 468 Phoenixville M-2
Judge of Elections,Democratic,Local,1,4,, Judge of Elections 469 Phoenixville M-3
Judge of Elections,Democratic,Local,1,4,, Judge of Elections 472 Phoenixville E-1
Judge of Elections,Democratic,Local,1,4,, Judge of Elections 473 Phoenixville E-2
Judge of Elections,Democratic,Local,1,4,, Judge of Elections 474 Phoenixville E-3
Judge of Elections,Democratic,Local,1,4,, Judge of Elections 477 Phoenixville W-1
Judge of Elections,Democratic,Local,1,4,, Judge of Elections 479 Phoenixville W-3
Judge of Elections,Democratic,Local,1,4,, Judge of Elections 530 Pocopson
Judge of Elections,Democratic,Local,1,4,, Judge of Elections 540 Sadsbury S
Judge of Elections,Democratic,Local,1,4,, Judge of Elections 555 Schuylkill 2
Judge of Elections,Democratic,Local,1,4,, Judge of Elections 556 Schuylkill 3
Judge of Elections,Democratic,Local,1,4,, Judge of Elections 560 Spring City 1
Judge of Elections,Democratic,Local,1,4,, Judge of Elections 565 Spring City 2
Judge of Elections,Democratic,Local,1,4,, Judge of Elections 570 Spring City 3
Judge of Elections,Democratic,Local,1,4,, Judge of Elections 575 Spring City 4
Judge of Elections,Democratic,Local,1,4,, Judge of Elections 580 Thornbury 1
Judge of Elections,Democratic,Local,1,4,, Judge of Elections 585 Tredyffrin E-1
Judge of Elections,Democratic,Local,1,4,, Judge of Elections 617 Tredyffrin M-4
Judge of Elections,Democratic,Local,1,4,, Judge of Elections 620 Tredyffrin M-7
Judge of Elections,Democratic,Local,1,4,, Judge of Elections 657 Uwchlan 5
Judge of Elections,Democratic,Local,1,4,, Judge of Elections 660 Uwchlan 8
Judge of Elections,Democratic,Local,1,4,, Judge of Elections 672 Valley N-3
Judge of Elections,Democratic,Local,1,4,, Judge of Elections 675 Valley S
Judge of Elections,Democratic,Local,1,4,, Judge of Elections 681 E Vincent 2
Judge of Elections,Democratic,Local,1,4,, Judge of Elections 683 E Vincent 4
Judge of Elections,Democratic,Local,1,4,, Judge of Elections 695 Wallace
Judge of Elections,Democratic,Local,1,4,, Judge of Elections 705 Warwick W
Judge of Elections,Democratic,Local,1,4,, Judge of Elections 725 Westtown 2
Judge of Elections,Democratic,Local,1,4,, Judge of Elections 734 Westtown 5
Judge of Elections,Democratic,Local,1,4,, Judge of Elections 745 E Whiteland 3
Judge of Elections,Democratic,Local,1,4,, Judge of Elections 754 E Whiteland 6
Judge of Elections,Democratic,Local,1,4,, Judge of Elections 760 W Whiteland 2
Judge of Elections,Democratic,Local,1,4,, Judge of Elections 763 W Whiteland 5
Judge of Elections,Democratic,Local,1,4,, Judge of Elections 764 W Whiteland 6
Judge of Elections,Democratic,Local,1,4,, Judge of Elections 765 W Whiteland 7
Judge of Elections,Democratic,Local,1,4,, Judge of Elections 770 Willistown N-1
Judge of Elections,Democratic,Local,1,4,, Judge of Elections 790 Willistown N-5
Judge of Elections,Democratic,Local,1,4,, Judge of Elections 795 Willistown N-6
Judge of Elections,Democratic,Local,1,4,, Judge of Elections 820 West Chester 2-E
Judge of Elections,Democratic,Local,1,4,, Judge of Elections 825 West Chester 2-W
Judge of Elections,Democratic,Local,1,4,, Judge of Elections 835 West Chester 3
Judge of Elections,Democratic,Local,1,4,, Judge of Elections 850 West Chester 6
Inspector of Elections,Democratic,Local,1,4,, Inspector of Elections 005 Atglen
Inspector of Elections,Democratic,Local,1,4,, Inspector of Elections 020 E Bradford N-1
Inspector of Elections,Democratic,Local,1,4,, Inspector of Elections 021 E Bradford N-2
Inspector of Elections,Democratic,Local,1,4,, Inspector of Elections 023 E Bradford S-1
Inspector of Elections,Democratic,Local,1,4,, Inspector of Elections 031 W Bradford 3
Inspector of Elections,Democratic,Local,1,4,, Inspector of Elections 033 W Bradford 5
Inspector of Elections,Democratic,Local,1,4,, Inspector of Elections 035 E Brandywine N-1
Inspector of Elections,Democratic,Local,1,4,, Inspector of Elections 036 E Brandywine N-2
Inspector of Elections,Democratic,Local,1,4,, Inspector of Elections 045 Caln 1
Inspector of Elections,Democratic,Local,1,4,, Inspector of Elections 050 Caln 2
Inspector of Elections,Democratic,Local,1,4,, Inspector of Elections 054 Caln 4
Inspector of Elections,Democratic,Local,1,4,, Inspector of Elections 055 East Caln 1
Inspector of Elections,Democratic,Local,1,4,, Inspector of Elections 056 East Caln 2
Inspector of Elections,Democratic,Local,1,4,, Inspector of Elections 061 West Caln 2
Inspector of Elections,Democratic,Local,1,4,, Inspector of Elections 070 Coatesville 1
Inspector of Elections,Democratic,Local,1,4,, Inspector of Elections 080 Coatesville 2
Inspector of Elections,Democratic,Local,1,4,, Inspector of Elections 090 Coatesville 3
Inspector of Elections,Democratic,Local,1,4,, Inspector of Elections 100 Coatesville 4-1
Inspector of Elections,Democratic,Local,1,4,, Inspector of Elections 110 Coatesville 4-2
Inspector of Elections,Democratic,Local,1,4,, Inspector of Elections 120 Coatesville 5
Inspector of Elections,Democratic,Local,1,4,, Inspector of Elections 140 S Coatesville
Inspector of Elections,Democratic,Local,1,4,, Inspector of Elections 145 N Coventry E
Inspector of Elections,Democratic,Local,1,4,, Inspector of Elections 150 N Coventry M
Inspector of Elections,Democratic,Local,1,4,, Inspector of Elections 155 N Coventry W-1
Inspector of Elections,Democratic,Local,1,4,, Inspector of Elections 160 E Coventry 1
Inspector of Elections,Democratic,Local,1,4,, Inspector of Elections 165 E Coventry 2
Inspector of Elections,Democratic,Local,1,4,, Inspector of Elections 175 E Downingtown E
Inspector of Elections,Democratic,Local,1,4,, Inspector of Elections 180 E Downingtown W
Inspector of Elections,Democratic,Local,1,4,, Inspector of Elections 185 W Downingtown N
Inspector of Elections,Democratic,Local,1,4,, Inspector of Elections 195 Easttown 1
Inspector of Elections,Democratic,Local,1,4,, Inspector of Elections 207 Easttown 5
Inspector of Elections,Democratic,Local,1,4,, Inspector of Elections 210 Easttown 6
Inspector of Elections,Democratic,Local,1,4,, Inspector of Elections 213 Easttown 7
Inspector of Elections,Democratic,Local,1,4,, Inspector of Elections 230 E Fallowfield W
Inspector of Elections,Democratic,Local,1,4,, Inspector of Elections 244 E Goshen 2
Inspector of Elections,Democratic,Local,1,4,, Inspector of Elections 245 E Goshen 3
Inspector of Elections,Democratic,Local,1,4,, Inspector of Elections 246 E Goshen 4
Inspector of Elections,Democratic,Local,1,4,, Inspector of Elections 249 E Goshen 7
Inspector of Elections,Democratic,Local,1,4,, Inspector of Elections 251 E Goshen 9
Inspector of Elections,Democratic,Local,1,4,, Inspector of Elections 260 W Goshen N-2
Inspector of Elections,Democratic,Local,1,4,, Inspector of Elections 262 W Goshen N-4
Inspector of Elections,Democratic,Local,1,4,, Inspector of Elections 265 W Goshen M-1
Inspector of Elections,Democratic,Local,1,4,, Inspector of Elections 270 W Goshen M-2
Inspector of Elections,Democratic,Local,1,4,, Inspector of Elections 280 W Goshen S-2
Inspector of Elections,Democratic,Local,1,4,, Inspector of Elections 285 W Goshen S-3
Inspector of Elections,Democratic,Local,1,4,, Inspector of Elections 286 W Goshen S-4
Inspector of Elections,Democratic,Local,1,4,, Inspector of Elections 295 Honey Brook Borough
Inspector of Elections,Democratic,Local,1,4,, Inspector of Elections 305 Kennett Square N
Inspector of Elections,Democratic,Local,1,4,, Inspector of Elections 315 Kennett Square S-2
Inspector of Elections,Democratic,Local,1,4,, Inspector of Elections 328 Kennett Township 3
Inspector of Elections,Democratic,Local,1,4,, Inspector of Elections 340 London Grove Ch
Inspector of Elections,Democratic,Local,1,4,, Inspector of Elections 345 London Grove S
Inspector of Elections,Democratic,Local,1,4,, Inspector of Elections 360 E Marlborough W
Inspector of Elections,Democratic,Local,1,4,, Inspector of Elections 370 Modena
Inspector of Elections,Democratic,Local,1,4,, Inspector of Elections 390 New Garden S-1
Inspector of Elections,Democratic,Local,1,4,, Inspector of Elections 400 Newlin
Inspector of Elections,Democratic,Local,1,4,, Inspector of Elections 415 Oxford E
Inspector of Elections,Democratic,Local,1,4,, Inspector of Elections 440 Parkesburg N
Inspector of Elections,Democratic,Local,1,4,, Inspector of Elections 445 Parkesburg S
Inspector of Elections,Democratic,Local,1,4,, Inspector of Elections 453 Pennsbury N-1
Inspector of Elections,Democratic,Local,1,4,, Inspector of Elections 454 Pennsbury N-2
Inspector of Elections,Democratic,Local,1,4,, Inspector of Elections 461 Phoenixville N-1
Inspector of Elections,Democratic,Local,1,4,, Inspector of Elections 462 Phoenixville N-2
Inspector of Elections,Democratic,Local,1,4,, Inspector of Elections 463 Phoenixville N-3
Inspector of Elections,Democratic,Local,1,4,, Inspector of Elections 467 Phoenixville M-1
Inspector of Elections,Democratic,Local,1,4,, Inspector of Elections 468 Phoenixville M-2
Inspector of Elections,Democratic,Local,1,4,, Inspector of Elections 469 Phoenixville M-3
Inspector of Elections,Democratic,Local,1,4,, Inspector of Elections 472 Phoenixville E-1
Inspector of Elections,Democratic,Local,1,4,, Inspector of Elections 473 Phoenixville E-2
Inspector of Elections,Democratic,Local,1,4,, Inspector of Elections 474 Phoenixville E-3
Inspector of Elections,Democratic,Local,1,4,, Inspector of Elections 477 Phoenixville W-1
Inspector of Elections,Democratic,Local,1,4,, Inspector of Elections 478 Phoenixville W-2
Inspector of Elections,Democratic,Local,1,4,, Inspector of Elections 479 Phoenixville W-3
Inspector of Elections,Democratic,Local,1,4,, Inspector of Elections 515 E Pikeland 1
Inspector of Elections,Democratic,Local,1,4,, Inspector of Elections 520 E Pikeland 2
Inspector of Elections,Democratic,Local,1,4,, Inspector of Elections 535 Sadsbury N
Inspector of Elections,Democratic,Local,1,4,, Inspector of Elections 540 Sadsbury S
Inspector of Elections,Democratic,Local,1,4,, Inspector of Elections 550 Schuylkill 1
Inspector of Elections,Democratic,Local,1,4,, Inspector of Elections 555 Schuylkill 2
Inspector of Elections,Democratic,Local,1,4,, Inspector of Elections 556 Schuylkill 3
Inspector of Elections,Democratic,Local,1,4,, Inspector of Elections 565 Spring City 2
Inspector of Elections,Democratic,Local,1,4,, Inspector of Elections 570 Spring City 3
Inspector of Elections,Democratic,Local,1,4,, Inspector of Elections 575 Spring City 4
Inspector of Elections,Democratic,Local,1,4,, Inspector of Elections 580 Thornbury 1
Inspector of Elections,Democratic,Local,1,4,, Inspector of Elections 620 Tredyffrin M-7
Inspector of Elections,Democratic,Local,1,4,, Inspector of Elections 653 Uwchlan 1
Inspector of Elections,Democratic,Local,1,4,, Inspector of Elections 657 Uwchlan 5
Inspector of Elections,Democratic,Local,1,4,, Inspector of Elections 670 Valley N-1
Inspector of Elections,Democratic,Local,1,4,, Inspector of Elections 671 Valley N-2
Inspector of Elections,Democratic,Local,1,4,, Inspector of Elections 672 Valley N-3
Inspector of Elections,Democratic,Local,1,4,, Inspector of Elections 675 Valley S
Inspector of Elections,Democratic,Local,1,4,, Inspector of Elections 680 E Vincent 1
Inspector of Elections,Democratic,Local,1,4,, Inspector of Elections 681 E Vincent 2
Inspector of Elections,Democratic,Local,1,4,, Inspector of Elections 682 E Vincent 3
Inspector of Elections,Democratic,Local,1,4,, Inspector of Elections 695 Wallace
Inspector of Elections,Democratic,Local,1,4,, Inspector of Elections 715 West Grove 2
Inspector of Elections,Democratic,Local,1,4,, Inspector of Elections 725 Westtown 2
Inspector of Elections,Democratic,Local,1,4,, Inspector of Elections 734 Westtown 5
Inspector of Elections,Democratic,Local,1,4,, Inspector of Elections 735 E Whiteland 1
Inspector of Elections,Democratic,Local,1,4,, Inspector of Elections 740 E Whiteland 2
Inspector of Elections,Democratic,Local,1,4,, Inspector of Elections 752 E Whiteland 5
Inspector of Elections,Democratic,Local,1,4,, Inspector of Elections 759 W Whiteland 1
Inspector of Elections,Democratic,Local,1,4,, Inspector of Elections 760 W Whiteland 2
Inspector of Elections,Democratic,Local,1,4,, Inspector of Elections 763 W Whiteland 5
Inspector of Elections,Democratic,Local,1,4,, Inspector of Elections 764 W Whiteland 6
Inspector of Elections,Democratic,Local,1,4,, Inspector of Elections 765 W Whiteland 7
Inspector of Elections,Democratic,Local,1,4,, Inspector of Elections 770 Willistown N-1
Inspector of Elections,Democratic,Local,1,4,, Inspector of Elections 780 Willistown N-3
Inspector of Elections,Democratic,Local,1,4,, Inspector of Elections 790 Willistown N-5
Inspector of Elections,Democratic,Local,1,4,, Inspector of Elections 795 Willistown N-6
Inspector of Elections,Democratic,Local,1,4,, Inspector of Elections 800 Willistown S-1
Inspector of Elections,Democratic,Local,1,4,, Inspector of Elections 805 Willistown S-2
Inspector of Elections,Democratic,Local,1,4,, Inspector of Elections 810 West Chester 1
Inspector of Elections,Democratic,Local,1,4,, Inspector of Elections 820 West Chester 2-E
Inspector of Elections,Democratic,Local,1,4,, Inspector of Elections 825 West Chester 2-W
Inspector of Elections,Democratic,Local,1,4,, Inspector of Elections 835 West Chester 3
Inspector of Elections,Democratic,Local,1,4,, Inspector of Elections 846 West Chester 5
Inspector of Elections,Democratic,Local,1,4,, Inspector of Elections 860 West Chester 7
